clave,insumo,familia,subfamilia,unidad
17992,ABANICO,Equipo de Transporte,Sistema de Enfriamiento,PIEZAS
31134,ABRAZADERA SILENCIADOR,Equipo de Transporte,Abrazaderas,PIEZAS
27687,ABRE CUBETA,Herramientas y Utiles,Manuales,PIEZAS
19953,ABRELATA ACERO,Cocina,Utensilios,PIEZAS
22817,ABRELATAS USO PROFESIONAL,Herramientas y Utiles,Accesorios,PIEZAS
47,ACCESORIO CAJA,Equipo de Computo,Accesorios Comunicaciones,PIEZAS
49,ACCESORIO ESQUINERO EXTERIOR,Ferreteria,Varios,PIEZAS
50,ACCESORIO ESQUINERO INTERIOR,Ferreteria,Varios,PIEZAS
52,ACCESORIO TE,Equipo de Computo,Accesorios Comunicaciones,PIEZAS
53,ACCESORIO UNION,Equipo de Computo,Accesorios Comunicaciones,PIEZAS
2236,ACCESS POINT,Equipo de Computo,Accesorios Comunicaciones,PIEZAS
24365,ACELEROMETRO/GIROSCOPIO,Herramientas y Utiles,Accesorios,PIEZAS
26170,ACETATO PURA INDUSTRIAL,Equipo de Laboratorio,Material de laboratorio,LITROS
12717,ACOPLADOR LC MULTIMODO,Equipo de Computo,Accesorios Comunicaciones,PIEZAS
30575,ACOPLAMIENTO,Equipo de Transporte,Sistema de Enfriamiento,PIEZAS
16063,ACTUADOR CLEAVER,Herramientas y Utiles,Accesorios,PIEZAS
16070,ACTUADOR DE FLUJO,Equipo de Transporte,Valvulas,PIEZAS
22846,ACTUADOR NEUMATICO,Material Electrico,Motor electrico,PIEZAS
5110,ACUMULADOR,Equipo de Transporte,Acumuladores,PIEZAS
10005,ADAPTADOR DE CORRIENTE,Equipo de Computo,Accesorios de cómputo,PIEZAS
34384,ADAPTADOR DE PALANCA,Equipo de Transporte,Accesorios,PIEZAS
21083,ADAPTADOR ETHERNET USB-C,Equipo de Computo,Accesorios de cómputo,UNIDADES
5356,ADAPTADOR HDMI/VGA,Herramientas y Utiles,Adaptadores,PIEZAS
15562,ADAPTADOR HEMBRA BRONCE ½,Herramientas y Utiles,Adaptadores,PIEZAS
16091,ADAPTADOR HID MP-MJ,Herramientas y Utiles,Adaptadores,PIEZAS
13538,ADAPTADOR HIDRAULICO,Herramientas y Utiles,Adaptadores,PIEZAS
15561,ADAPTADOR MACHO BRONCE ½,Herramientas y Utiles,Adaptadores,PIEZAS
30859,ADAPTADOR MICRO SD,Equipo de Computo,Accesorios de cómputo,PIEZAS
16093,ADAPTADOR MP-FPX-RECTO,Herramientas y Utiles,Adaptadores,PIEZAS
16094,ADAPTADOR TEE FP-FP,Herramientas y Utiles,Adaptadores,PIEZAS
30515,ADAPTADOR USB MULTIPUERTO,Equipo de Comunicación,Accesorios Comunicaciones,PIEZAS
29541,ADQUISICION DE LIBROS,Gastos diversos,Varios (Gastos Diversos),PIEZAS
22525,AGARRADERA DE PUERTA,Equipo de Transporte,Sistema de carroceria,PIEZAS
18041,AGITADOR DE VIDRIO,Herramientas y Utiles,HERRAMIENTAS,PIEZAS
11311,AGUA DESTILADA,Equipo de Laboratorio,Material de laboratorio,PIEZAS
12246,AGUA SUAVIZADA,Gastos diversos,Varios (Gastos Diversos),LITROS
27919,AHUMADOR DE COCTELES,Mobiliario y equipo,Mobiliario y equipo,PIEZAS
94,AIRE ACONDICIONADO MINI-SPLIT,Equipo Aire Acondicionado,Aires Acondicionados,PIEZAS
99,AIRE COMPRIMIDO,Equipo de Computo,Consumibles,PIEZAS
6629,AJUSTADOR DE CLUTCH,Equipo de Transporte,Sistema de Cluth,PIEZAS
21788,ALAMBIQUE DE COBRE,Mobiliario y equipo,Mobiliario y equipo,PIEZAS
26080,ALAMBRE FLEXIBLE,Ferreteria,Varios,PIEZAS
8146,ALAMBRE RECOCIDO,Ferreteria,Varios,KILOS
4045,ALARMA ANTI ROBO,Gastos diversos,Varios (Gastos Diversos),PIEZAS
12782,ALCOHOLIMETRO,Gastos diversos,Varios (Gastos Diversos),PIEZAS
24707,ALFOMBRA USO RUDO,Mobiliario y equipo,Mobiliario y equipo,METROS
27823,ALGAQUIM PLUS,Gastos diversos,Varios (Gastos Diversos),LITROS
26081,ALICATE DE CORTE,Herramientas y Utiles,Manuales,PIEZAS
14783,ALKALINE CYANIDE REAGENT,Gastos diversos,Varios (Gastos Diversos),PIEZAS
30248,ALTAVOZ HONEYTONE,Equipo de Comunicación,Accesorios Comunicaciones,PIEZAS
27641,ALTERNADOR CASCADIA FREIGHTLINER,Equipo de Transporte,sistema electrico,PIEZAS
21090,AMORTIGUADOR,Maquinaria y Equipo,Refacciones,UNIDADES
4813,AMPERIMETRO,Herramientas y Utiles,Accesorios,PIEZAS
21091,AMPLIFICADOR DE AUDIO,Equipo de Comunicación,Equipo de Comunicación,UNIDADES
2601,AMPLIFICADOR DE SONIDO,Gastos diversos,Audio,PIEZAS
29274,AMPLIFICADOR PERIFONEO,Equipo de Comunicación,Equipo de Comunicación,PIEZAS
28633,ANAFRE DE BARRO,Mobiliario y equipo,Mobiliario y equipo,PIEZAS
16147,ANALIZADOR DE HUMEDAD,Herramientas y Utiles,Accesorios,PIEZAS
6653,ANCHOVETA ENTERA FRESCA,Gastos diversos,Varios (Gastos Diversos),KILOS
6654,ANCHOVETA ENTERA IND.,Gastos diversos,Varios (Gastos Diversos),KILOS
16003,ANCHOVETA FRESCA,Ferreteria,Insumos,KILOS
13763,ANFORA DE AGUA,Equipo de Transporte,Sistema de Enfriamiento,PIEZAS
10706,ANGULO LAMINADO,Herreria,Angulo de Acero,KILOS
21780,ANIMALES DISECADOS,Mobiliario y equipo,Mobiliario y equipo,PIEZAS
15475,ANTENA BANDA LATERAL,Equipo de Computo,Accesorios Comunicaciones,PIEZAS
10128,ANTENA BRIDGE,Equipo de Computo,Accesorios de cómputo,PIEZAS
9509,ANTENA DIRECCIONAL,Equipo de Computo,Accesorios Comunicaciones,PIEZAS
19263,ANTENA OMNIDIRECCIONAL,Equipo de Computo,Accesorios Comunicaciones,PIEZAS
11569,ANTENA PQ,Gastos diversos,Audio,PIEZAS
19278,ANTENA SECTORIAL,Equipo de Computo,Accesorios Comunicaciones,PIEZAS
13433,ANTENA WIFI,Equipo de Computo,Accesorios Comunicaciones,PIEZAS
27498,ANTIOXIDANT ADDING DEVICE,Herramientas y Utiles,Accesorios,PIEZAS
32798,ANTORCHA TIG,Herreria,Cuadrado de Acero,PIEZAS
22748,ANUNCIO LUMINOSO GASERAS,Mobiliario y equipo,Mobiliario y equipo,PIEZAS
10835,ANUNCIO LUMINOSO GASOLINERAS,Herramientas y Utiles,Accesorios,PIEZAS
4575,APAGADOR SENCILLO,Ferreteria,Varios,PIEZAS
18567,APLANADORA DE COSTALES,Herramientas y Utiles,Accesorios,PIEZAS
13455,APUNTADOR LASER,Equipo de Computo,Accesorios de cómputo,PIEZAS
4419,ARANDELA DE PRESION,Equipo de Transporte,Sistema de Motor,PIEZAS
7172,ARAÑA,Equipo de Transporte,Abrazaderas,PIEZAS
2328,ARCHIVERO DE MADERA,Equipo de Oficina,Archiveros,PIEZAS
27988,ARCHIVERO METALICO,Equipo de Oficina,Archiveros,PIEZAS
27414,ARCILLA MOLDEADORA,Gastos diversos,Varios (Gastos Diversos),PIEZAS
4862,ARENA,Ferreteria,Construccion,METROS
10707,ARENADO,Gastos diversos,Varios (Gastos Diversos),METROS
14211,ARNES DE INTERCONEXIÓN,Equipo de Computo,Accesorios Comunicaciones,PIEZAS
4328,ARNES DE INYECTOR,Equipo de Transporte,Sistema de Cluth,PIEZAS
32434,ARNES DE MOTOR,Equipo de Transporte,Sistema de Motor,PIEZAS
128,ARNES DE SEGURIDAD,Equipo de Seguridad,Equipo de Seguridad,PIEZAS
34543,ARNES DE SENSOR,Equipo de Transporte,GPS Y SENSORES,PIEZAS
32841,ARNES FRONTAL INYECTORES,Equipo de Transporte,sistema electrico,PIEZAS
32842,ARNES TRASERA INYECTORES,Equipo de Transporte,sistema electrico,PIEZAS
14750,ARNES/EMBUDO,Herramientas y Utiles,HERRAMIENTAS,PIEZAS
10717,ARO SALVAVIDAS,Equipo de Seguridad,Equipo de Seguridad,PIEZAS
12674,ARRANCADOR DE MOTOR,Equipo de Transporte,sistema electrico,PIEZAS
1985,ARRANCADOR MAGNETICO,Ferreteria,Varios,PIEZAS
3068,ASADON,Herramientas y Utiles,Manuales,PIEZAS
22716,ASADOR DE GAS,Herramientas y Utiles,Accesorios,PIEZAS
22691,ASADOR MASTER TOUCH,Herramientas y Utiles,Accesorios,PIEZAS
21098,ASERRÍN,Ferreteria,Varios,UNIDADES
29382,ASPIRADORA INALAMBRICA,Herramientas y Utiles,HERRAMIENTAS,PIEZAS
16797,ASPIRADORA SANITEZER,Herramientas y Utiles,Aspiradoras,PIEZAS
30137,AUTO ELECTRICO,Gastos diversos,Varios (Gastos Diversos),UNIDADES
27269,AUTOMATIC ADDING DEVICE,Herramientas y Utiles,Accesorios,PIEZAS
135,AUTOMOVIL,Equipo de Transporte,Utilitarios,UNIDADES
2020,AUTOTANQUE,Equipo de Transporte,AUTOTANQUE,UNIDADES
9642,AVION PRIVADO,Equipo de Transporte,AVION,PIEZAS
2261,BALANCEADOR,Equipo de Computo,Accesorios Comunicaciones,PIEZAS
13860,BALANCIN DE MURCIELAGO,Equipo de Transporte,Sistema de Suspension,PIEZAS
2185,BALATAS,Equipo de Transporte,Sistema de Transmision,PIEZAS
17930,BALERO CAMPANA,Equipo de Transporte,Sistema chasis,PIEZAS
25583,BALERO DE MADERA,Gastos diversos,Varios (Gastos Diversos),PIEZAS
17931,BALERO PLANETARIO,Equipo de Transporte,Sistema de ejes,PIEZAS
2360,BALERO POLEA TENSORA,Equipo de Transporte,Sistema de ejes,PIEZAS
26493,BALLENA DE PELUCHE,Gastos diversos,Varios (Gastos Diversos),PIEZAS
21433,BALÓN DE VOLEIBOL,Ferreteria,Varios,PIEZAS
2598,BANCO,Mobiliario y equipo,Mobiliario y equipo,PIEZAS
4102,BANDA ANCHA,Gastos diversos,Varios (Gastos Diversos),PIEZAS
9745,BANDA ANTI ESTATICA,Equipo de Transporte,Sistema General,PIEZAS
30554,BANDA DE ACCESORIO,Equipo de Transporte,Accesorios,PIEZAS
2355,BANDA MOTOR,Equipo de Transporte,Sistema de Motor,PIEZAS
3319,BANDA VENTILADOR,Equipo de Transporte,Sistema de Motor,PIEZAS
29350,BANDEJA DE MADERA,Mobiliario y equipo,Mobiliario y equipo,PIEZAS
28104,BANDERA SUBLIMADA,Gastos diversos,Varios (Gastos Diversos),PIEZAS
10226,BANDEROLA AMBAR,Equipo de Transporte,Sistema General,PIEZAS
11876,BANDEROLAS PUBLICITARIAS,Gastos diversos,Varios (Gastos Diversos),PIEZAS
14195,BANNER ARAÑA,Gastos diversos,Varios (Gastos Diversos),PIEZAS
32989,BARA CHASIS,Equipo de Transporte,Sistema de carroceria,PIEZAS
24934,BARANDAL DE ALUMINIO,Mobiliario y equipo,Mobiliario y equipo,PIEZAS
33329,BAROMETRO DIGITAL,Equipo de Laboratorio,Material de laboratorio,PIEZAS
29191,BARRA COLUMNA AJUSTABLE,Herramientas y Utiles,Accesorios,PIEZAS
139,BARRA DE ACERO,Herramientas y Utiles,Manuales,PIEZAS
19187,BARRA DE DESPACHO,Mobiliario y equipo,Mobiliario y equipo,PIEZAS
11281,BARRA DE PLASTILINA,Ferreteria,Varios,PIEZAS
6244,BARRA DIRECCIONAL,Equipo de Transporte,Sistema de carroceria,PIEZAS
17111,BARRA ESTABILILIZADORA,Herramientas y Utiles,Accesorios,PIEZAS
13543,BARRA ESTABILIZADORA OPW,Herramientas y Utiles,Barras,PIEZAS
2231,BARRA MULTICONTACTO,Ferreteria,Varios,PIEZAS
13463,BARRA UNICANAL,Herramientas y Utiles,Barras,PIEZAS
4243,BARREDORA,Herramientas y Utiles,Accesorios,PIEZAS
16001,BARRENA,Herramientas y Utiles,Accesorios,PIEZAS
7386,BARRERA DE IMPACTO,Equipo de Seguridad,Barreras,PIEZAS
29900,BARRERA VIAL,Equipo de Seguridad,Barreras,PIEZAS
27172,BARRETA DE PUNTA,Herramientas y Utiles,HERRAMIENTAS,PIEZAS
6884,BARRETA DE UÑA,Gastos diversos,Varios (Gastos Diversos),PIEZAS
14105,BARRIL CPI DE ¼”,Ferreteria,Tornillos/Tuercas,PIEZAS
21776,BARRIL DE MADERA,Mobiliario y equipo,Mobiliario y equipo,PIEZAS
11568,BARRIL PQ,Gastos diversos,Audio,PIEZAS
19239,BARZO PITMAN,Herramientas y Utiles,Accesorios,PIEZAS
27745,BASCULA CLINICA,Mobiliario y equipo,Mobiliario y equipo,PIEZAS
8578,BASCULA DIGITAL,Herramientas y Utiles,Accesorios,PIEZAS
30138,BASE DE CONCRETO,Gastos diversos,Varios (Gastos Diversos),PIEZAS
30517,BASE DE DIFERENCIAL,Equipo de Transporte,Sistema Direccion,PIEZAS
32407,BASE DE GANCHO,Equipo de Transporte,Accesorios,PIEZAS
25173,BASE DE MAQUETA,Gastos diversos,Varios (Gastos Diversos),PIEZAS
4385,BASE MUELLE,Equipo de Transporte,Sistema de Suspension,PIEZAS
32724,BASTIDOR,Gastos diversos,Varios (Gastos Diversos),PIEZAS
8390,BASTON LUMINOSO,Equipo de Transporte,Sistema de luces o iluminación,PIEZAS
10143,BASTON PALANCA VELOCIDADES,Equipo de Transporte,Sistema de Motor,PIEZAS
16083,BATANGA,Herramientas y Utiles,Accesorios,PIEZAS
3261,BATERIA ENCAPSULADA,Equipo de Computo,Accesorios de cómputo,PIEZAS
28283,BATERIA RECARGABLE,Gastos diversos,Varios (Gastos Diversos),PIEZAS
16079,BATIDORA INDUSTRIAL,Maquinaria y Equipo,Maquinaria y Equipo,PIEZAS
28301,BAUMANOMETRO,Gastos diversos,Varios (Gastos Diversos),PIEZAS
32039,BAÑO DE ARTESA,Mobiliario y equipo,Mobiliario y equipo,PIEZAS
13919,BAÑO MARIA,Maquinaria y Equipo,Equipos Varios (Maquinaria y Equipo),PIEZAS
27270,BEARING WHEEL,Herramientas y Utiles,Accesorios,PIEZAS
16798,BENGALA DE MANO,Equipo de Seguridad,Equipo de Seguridad,PIEZAS
16799,BENGALA DE PARACAIDAS,Equipo de Seguridad,Equipo de Seguridad,PIEZAS
14482,BICHERO,Gastos diversos,Varios (Gastos Diversos),PIEZAS
21857,BICICLETA ANTIGUA,Mobiliario y equipo,Mobiliario y equipo,PIEZAS
2572,BIDON,Gastos diversos,Varios (Gastos Diversos),PIEZAS
16613,BIELA RECONS,Gastos diversos,Varios (Gastos Diversos),PIEZAS
23471,BIELAS ISX,Equipo de Transporte,Sistema de Motor,PIEZAS
16521,BINOCULARES,Gastos diversos,Varios (Gastos Diversos),PIEZAS
26048,BIOMAA ANTICLORO PENTABIOCARE,Gastos diversos,Varios (Gastos Diversos),LITROS
25933,BIOMBO,Gastos diversos,Varios (Gastos Diversos),PIEZAS
2197,BIOMETRICO,Equipo de Computo,Accesorios de cómputo,PIEZAS
2388,BIRLOS,Equipo de Transporte,Sistema de ejes,PIEZAS
31444,BISEL UNIDAD DERECHO,Equipo de Transporte,Accesorios,PIEZAS
31445,BISEL UNIDAD IZQUIERDO,Equipo de Transporte,Accesorios,PIEZAS
13818,BITACORA DE ACRILICO,Gastos diversos,Varios (Gastos Diversos),PIEZAS
18581,BLOCK DE DISTRIBUCIÓN,Material Electrico,Motor electrico,PIEZAS
18592,BLOCK DE NEUTROS,Material Electrico,Conexión Electrica,PIEZAS
153,BLOCK DE PAGARE,Papeleria y articulos de oficina,Papeleria y articulos de oficina,PIEZAS
27271,BLOWER,Herramientas y Utiles,Accesorios,PIEZAS
24225,BLUETOOTH SHIELD,Herramientas y Utiles,Accesorios,PIEZAS
11574,BNC CHASIS,Gastos diversos,Varios (Gastos Diversos),PIEZAS
15779,BOCASIERRA,Herramientas y Utiles,HERRAMIENTAS,PIEZAS
2222,BOCINAS,Equipo de Computo,Accesorios de cómputo,PIEZAS
11239,BOILER,Ferreteria,Varios,PIEZAS
4267,BOLSA DE SUSPENSION,Equipo de Transporte,Sistema de Suspension,PIEZAS
16050,BOMBA ALIMENTADORA,Herramientas y Utiles,Bombas,PIEZAS
15715,BOMBA ATOMIZADORA,Equipo de Seguridad,Equipo de Seguridad,PIEZAS
14182,BOMBA AUTOCEBANTE GOULDS,Herramientas y Utiles,Bombas,PIEZAS
2616,BOMBA DE AGUA,Equipo de Transporte,Sistema de Motor,PIEZAS
30049,BOMBA DE CLUTCH,Equipo de Transporte,Sistema de Embrague,PIEZAS
15766,BOMBA DE ENFRIAMIENTO,Herramientas y Utiles,Bombas,PIEZAS
15996,BOMBA DE ENGRANAJES,Herramientas y Utiles,Bombas,PIEZAS
11899,BOMBA DE RECIRCULAMIENTO,Maquinaria y Equipo,Equipos Varios (Maquinaria y Equipo),PIEZAS
16078,BOMBA DE SOLUBILIDAD,Herramientas y Utiles,Bombas,PIEZAS
12426,BOMBA DOSIFICADORA,Maquinaria y Equipo,Equipos Varios (Maquinaria y Equipo),PIEZAS
3804,BOMBA EMBRAGUE PROSTAR,Equipo de Transporte,Sistema de Cluth,PIEZAS
196,BOMBA EXTRACTORA MANUAL,Herramientas y Utiles,Bombas,PIEZAS
7069,BOMBA HIDRAULICA,Herramientas y Utiles,Bombas,PIEZAS
16635,BOMBA HIDRONEUMATICA,Herramientas y Utiles,Bombas,PIEZAS
15784,BOMBA MOTOR,Herramientas y Utiles,Bombas,PIEZAS
15785,BOMBA RECEPCION,Herramientas y Utiles,Bombas,PIEZAS
30319,BOMBA RECONSTRUIDA,Maquinaria y Equipo,Equipos Varios (Maquinaria y Equipo),PIEZAS
14242,BOMBA VERTICAL,Herramientas y Utiles,Bombas,PIEZAS
15386,BOQUILLA,Gastos diversos,Varios (Gastos Diversos),PIEZAS
24228,BORDADORA DIGITAL,Mobiliario y equipo,Mobiliario y equipo,PIEZAS
13771,BOTE DE GRASA,Ferreteria,Varios,PIEZAS
209,BOTIQUIN PRIMEROS AUXILIOS,Gastos diversos,Primeros Auxilios,PIEZAS
16330,BOTON CONTACTOR ABIERTO,Material Electrico,Diversos (Material Electrico),PIEZAS
18617,BOTONERA DOBLE COMPLETA,Equipo de Seguridad,Equipo de Seguridad,PIEZAS
22612,BOWL DE MADERA,Mobiliario y equipo,Mobiliario y equipo,PIEZAS
15631,BOYA METALICA,Equipo de Seguridad,Señalamientos,PIEZAS
15633,BOYA PLASTICA,Equipo de Seguridad,Señalamientos,PIEZAS
17508,BRAKE MONOFASICO TERMOMAGNETICA,Material Electrico,Centros de carga,PIEZAS
17509,BRAKE SENCILLA TERMOMAGNETICA,Material Electrico,Centros de carga,PIEZAS
29167,BRAND WALL,Gastos diversos,Varios (Gastos Diversos),PIEZAS
29387,BRAZO DE CARGA,Herramientas y Utiles,Accesorios,PIEZAS
7041,BRAZO DE PUERTA,Ferreteria,Varios,PIEZAS
33458,BRAZO PITGMAN,Equipo de Transporte,Accesorios,PIEZAS
29784,BRAZO VIAJERO COLUMBIA,Equipo de Transporte,Accesorios,PIEZAS
17590,BRIDAS HIDRAULICAS,Maquinaria y Equipo,Refacciones,PAQUETES
29417,BRINCOLIN LUCHADORES,Gastos diversos,Varios (Gastos Diversos),PIEZAS
34726,BROCHA ANTIESTATICA,Equipo de Computo,Accesorios de cómputo,PIEZAS
28946,BUFETERA BRUJA,Mobiliario y equipo,Mobiliario y equipo,PIEZAS
15926,BUFFER EDTA,Gastos diversos,Varios (Gastos Diversos),PIEZAS
25428,BUFFET SLATTED STORAGE,Mobiliario y equipo,Mobiliario y equipo,PIEZAS
5835,BUJES,Herramientas y Utiles,Accesorios,PIEZAS
16331,BUJIA DE COBRE,Gastos diversos,Varios (Gastos Diversos),PIEZAS
28927,BUJIA NKG,Herramientas y Utiles,Accesorios,PIEZAS
7383,BULBO DE REVERSA,Equipo de Transporte,Sistema de Transmision,PIEZAS
10144,BULBO STOP,Equipo de Transporte,sistema electrico,PIEZAS
16062,BURNER CONTROL,Herramientas y Utiles,Accesorios,PIEZAS
5847,BURRERA,Equipo de Transporte,Sistema chasis,PIEZAS
29177,BUSCAPERSONAS DE CAMARERO,Equipo de Computo,Accesorios de cómputo,PIEZAS
29176,BUSCAPERSONAS RECEPTOR RELOJ,Equipo de Computo,Accesorios de cómputo,PIEZAS
10796,BUSHING CONN ROD,Ferreteria,Varios,PIEZAS
14831,BUTANOL,Gastos diversos,Varios (Gastos Diversos),LITROS
7082,BUZON DE SUGERENCIAS,Gastos diversos,Varios (Gastos Diversos),PIEZAS
16010,BYPASS INDUSTRIAL,Plomeria,Plomeria,PIEZAS
25885,BÁSCULA ESTADIMETRO,Mobiliario y equipo,Mobiliario y equipo,PIEZAS
21852,CABALLO DE MADERA,Mobiliario y equipo,Mobiliario y equipo,PIEZAS
18215,CABESTRILLO,Gastos diversos,Primeros Auxilios,PIEZAS
6391,CABEZA COMPRESOR ISX,Equipo de Transporte,Sistema de Motor,PIEZAS
3554,CABEZA DE CILINDRO,Equipo de Transporte,Sistema de Motor,PIEZAS
25132,CABEZAL ASPIRADORA ALBERCA,Ferreteria,Varios,PIEZAS
21994,CABINA TELEFONICA DECORATIVA,Gastos diversos,Diversos,PIEZAS
5098,CABLE CONVERTIDOR LC.,Herramientas y Utiles,Cables,PIEZAS
24862,CABLE DE IGNICION,Herramientas y Utiles,Accesorios,PIEZAS
17512,CABLE DE RED,Herramientas y Utiles,Cables,METROS
31590,CABLE DISPLAY PORT,Equipo de Computo,Cables y conectores,PIEZAS
257,CABLE HDMI,Equipo de Computo,Accesorios de cómputo,PIEZAS
24240,CABLE MICROUSB,Herramientas y Utiles,Cables,PIEZAS
2628,CABLE PASA CORRIENTE,Herramientas y Utiles,Manuales,PIEZAS
260,CABLE PORTAELECTRODO,Herramientas y Utiles,Manuales,METROS
4248,CABLE TIP,Equipo de Computo,Accesorios de cómputo,METROS
290,CABLE VGA,Equipo de Computo,Accesorios de cómputo,PIEZAS
11573,CABLES ANTENA,Gastos diversos,Varios (Gastos Diversos),PIEZAS
11572,CABLES BATERIA,Gastos diversos,Audio,PIEZAS
14969,CABO POLIPLUS DE ½”,Ferreteria,Varios,ROLLOS
17751,CABO ½” NYLON TORCIDO,Ferreteria,Varios,PIEZAS
32585,CACEROLA CINSA,Cocina,Utensilios,PIEZAS
26492,CACTUS DE PELUCHE,Gastos diversos,Varios (Gastos Diversos),PIEZAS
17085,CADENA DE AMARRE,Herramientas y Utiles,Accesorios,PIEZAS
16005,CADENA DE TRANSMISION,Ferreteria,Herrajes,PIEZAS
16006,CADENA DOBLE PASO,Ferreteria,Herrajes,PIEZAS
2471,CADENA GALVANIZADA,Equipo de Transporte,Sistema General,METROS
2338,CAFETERA,Gastos diversos,Varios (Gastos Diversos),PIEZAS
24242,CAIMANES GRUESOS,Herramientas y Utiles,Cables,PIEZAS
14746,CAJA APARENTE,Equipo de Computo,Accesorios Redes,PIEZAS
14183,CAJA DE ARENA,Ferreteria,Varios,PIEZAS
2341,CAJA DE CONTROLES,Material Electrico,Conexión Electrica,PIEZAS
28638,CAJA DE DIRECCION,Equipo de Transporte,Sistema Direccion,PIEZAS
2330,CAJA DE MADERA,Gastos diversos,Varios (Gastos Diversos),PIEZAS
22613,CAJA DE MÁRMOL,Mobiliario y equipo,Mobiliario y equipo,PIEZAS
296,CAJA FUERTE,Mobiliario y equipo,Mobiliario y equipo,PIEZAS
14617,CAJA HEXAGONAL MIXTA,Material Electrico,Registro,PIEZAS
24245,CAJA PLÁSTICA,Mobiliario y equipo,Mobiliario y equipo,PIEZAS
15589,CALAVERA TRASERA IZQUIERDA,Gastos diversos,Varios (Gastos Diversos),PIEZAS
27996,CALCAS,Gastos diversos,Varios (Gastos Diversos),PIEZAS
26416,CALCOMANIA IMPORTANTE CONSUMIDOR,Gastos diversos,Varios (Gastos Diversos),PIEZAS
5366,CALCOMANIA LOGO ESR,Gastos diversos,Varios (Gastos Diversos),PIEZAS
3312,CALCOMANIA LOGO PETROIL,Gastos diversos,Varios (Gastos Diversos),PIEZAS
3544,CALCOMANIA ROMBOS,Gastos diversos,Varios (Gastos Diversos),PIEZAS
6339,CALCOMANIA UBICACION,Gastos diversos,Varios (Gastos Diversos),PIEZAS
18124,CALCOMANÍA CUBICACIÓN,Ferreteria,Varios,PIEZAS
22068,CALEFACTOR ELECTRICO,Herramientas y Utiles,Accesorios,PIEZAS
15113,CALENDARIO DE MAREAS,Papeleria y articulos de oficina,Papeleria y articulos de oficina,PIEZAS
28941,CALENTADOR DE INSERTOS,Mobiliario y equipo,Mobiliario y equipo,PIEZAS
30762,CALENTADOR SOLAR,NEGOCIOS RENOVABLES,PANALES SOLARES,PIEZAS
14724,CALIBRADOR PROFUNDIMETRO DIGITAL,Herramientas y Utiles,Calibradores,PIEZAS
10795,CAM BUSHING,Ferreteria,Varios,PIEZAS
25559,CAMA DE EXPLORACIÓN,Mobiliario y equipo,Mobiliario y equipo,PIEZAS
302,CAMARA DE SEGURIDAD,Equipo de Transporte,Siza,PIEZAS
21148,CAMARA IP FISHEYE,Equipo de Computo,Camaras,UNIDADES
33570,CAMARA MPC,Equipo de Transporte,Accesorios,PIEZAS
18128,CAMARA PROFESIONAL,Mobiliario y equipo,Mobiliario y equipo,PIEZAS
21990,CAMARA TESTER DISPLAY,Herramientas y Utiles,Accesorios,PIEZAS
28367,CAMASTRO,Mobiliario y equipo,Mobiliario y equipo,PIEZAS
26188,CAMBIADOR DE PAÑALES,Gastos diversos,Varios (Gastos Diversos),PIEZAS
23702,CAMILLA DE MASAJE,Mobiliario y equipo,Mobiliario y equipo,PIEZAS
27462,CAMILLA MARINA,Mobiliario y equipo,Mobiliario y equipo,PIEZAS
34577,CAMION DE CARGA,Equipo de Transporte,Utilitarios,UNIDADES
16170,CAMION PLATAFORMA,Gastos diversos,Varios (Gastos Diversos),PIEZAS
304,CAMIONETA,Equipo de Transporte,Utilitarios,UNIDADES
10071,CAMISA P/BALANCIN,Equipo de Transporte,Sistema chasis,ROLLOS
2433,CAMPANA DE EXTRACCION,Herramientas y Utiles,Manuales,PIEZAS
25901,CAMPOS ESTÉRILES,Herramientas y Utiles,Accesorios,PIEZAS
11546,CANAL REFUERZO,Equipo de Transporte,Sistema chasis,PIEZAS
15065,CANALETA DE RED,Gastos diversos,Varios (Gastos Diversos),PIEZAS
2037,CANDADO,Ferreteria,Varios,PIEZAS
21785,CANDELABRO,Mobiliario y equipo,Mobiliario y equipo,PIEZAS
6911,CANDELERO DE TRANSMICION,Equipo de Transporte,Sistema de Embrague,PIEZAS
15402,CAPSULA DE PORCELANA,Herramientas y Utiles,HERRAMIENTAS,PIEZAS
21150,CAPTURA DE VIDEOS,Equipo de Computo,Accesorios Comunicaciones,UNIDADES
3473,CAPUCHON NODO,Equipo de Computo,Accesorios Comunicaciones,PIEZAS
14832,CARBON ACTIVADO,Gastos diversos,Varios (Gastos Diversos),KILOS
30576,CARCAZA TERMOSTATO,Equipo de Transporte,Sistema de Enfriamiento,PIEZAS
24251,CARETAS,Equipo de Seguridad,Equipo de Seguridad,PIEZAS
10559,CARGADOR DE BATERIAS,Ferreteria,Varios,PIEZAS
27185,CARGADOR DE TABLET,Equipo de Computo,Accesorios de cómputo,PIEZAS
28284,CARPA,Mobiliario y equipo,Mobiliario y equipo,PIEZAS
2595,CARRETILLA,Ferreteria,Varios,PIEZAS
24253,CARRITO DE HERRRAMIENTAS,Herramientas y Utiles,Accesorios,PIEZAS
23548,CARRO CLINICO NIBBOT,Mobiliario y equipo,Mobiliario y equipo,PIEZAS
21791,CARRUAJE,Mobiliario y equipo,Mobiliario y equipo,PIEZAS
6278,CASCO DE ACUMULADOR,Equipo de Transporte,Acumuladores,PIEZAS
30240,CASTILLO,Ferreteria,Ferreteria,PIEZAS
21853,CAÑON ANTIGUO,Mobiliario y equipo,Mobiliario y equipo,PIEZAS
3438,CD/DVD,Gastos diversos,Varios (Gastos Diversos),PIEZAS
2038,CEMENTO,Ferreteria,Construccion,SACOS
15946,CENTRO DE LAVADO,Mobiliario y equipo,Mobiliario y equipo,PIEZAS
11908,CEPILLAR CABEZA,Gastos diversos,Varios (Gastos Diversos),PIEZAS
3058,CEPILLO DE ALAMBRE,Ferreteria,Varios,PIEZAS
32770,CEPILLO SUAVE AUTOMOTRIZ,Gastos diversos,Varios (Gastos Diversos),PIEZAS
16049,CERNIDOR INDUSTRIAL,Herramientas y Utiles,Accesorios,PIEZAS
10629,CERRADURA COFRE,Equipo de Transporte,Sistema de carroceria,PIEZAS
9960,CERRADURA ELECTROMECANICA,Ferreteria,Herrajes,PIEZAS
28535,CESTA TULE,Mobiliario y equipo,Mobiliario y equipo,PIEZAS
10255,CHALUPA DE PVC,Ferreteria,Varios,PIEZAS
17095,CHAPA TOVER,Ferreteria,Herrajes,PIEZAS
6492,CHAPAS ESPECIALES,Gastos diversos,Varios (Gastos Diversos),PIEZAS
15076,CHAPETONES,Gastos diversos,Varios (Gastos Diversos),PIEZAS
6657,CHARITO ENT. FCO.,Gastos diversos,Varios (Gastos Diversos),KILOS
6658,CHARITO IND.,Gastos diversos,Varios (Gastos Diversos),KILOS
17605,CHAROLA ANTIDERRAME,Herramientas y Utiles,Accesorios,PIEZAS
32730,CHAROLA DE DISECCION,Gastos diversos,Varios (Gastos Diversos),PIEZAS
27273,CHEMICAL SCRUBER,Herramientas y Utiles,Accesorios,PIEZAS
16077,CHIMENEA INDUSTRIAL,Herramientas y Utiles,Accesorios,PIEZAS
30295,CHUPON UNIVERSAL,Plomeria,Plomeria,PIEZAS
12652,CIERRA PUERTAS HIDRAULICO,Equipo de Seguridad,Equipo de Seguridad,PIEZAS
23473,CIGÜEÑAL ISX STD,Equipo de Transporte,Sistema de Motor,PIEZAS
19640,CILINDRO DE CLUTH,Equipo de Transporte,Sistema de frenos,PIEZAS
15372,CILINDRO DE GAS,Ferreteria,Varios,PIEZAS
15409,CILINDRO DE METAL,Gastos diversos,Varios (Gastos Diversos),PIEZAS
30355,CILINDRO ISO,Equipo de Transporte,Accesorios,PIEZAS
30251,CILINDRO MAESTRO,Maquinaria y Equipo,Equipos Varios (Maquinaria y Equipo),PIEZAS
376,CINCEL DE ACERO,Herramientas y Utiles,Manuales,PIEZAS
21172,CINTILLOS DE PLÁSTICO,Ferreteria,Varios,UNIDADES
4279,CINTILLOS MEDIANOS,Equipo de Transporte,Abrazaderas,PIEZAS
25622,CIRCUITO DE COMUNICACIÓN,Herramientas y Utiles,Accesorios,PIEZAS
27276,CIRCULATING PUMP,Herramientas y Utiles,Accesorios,PIEZAS
4139,CLAVIJA METALICA,Ferreteria,Varios,PIEZAS
4140,CLAVIJA PLASTICA,Ferreteria,Varios,PIEZAS
27315,CLEANNING TANK,Herramientas y Utiles,Accesorios,PIEZAS
27316,CLEANNING TRANSPORT PUMP,Herramientas y Utiles,Accesorios,PIEZAS
18613,CLEMA PORTAFUSIBLE,Material Electrico,Conexión Electrica,PIEZAS
26167,CLOROFORMO A.C.S,Equipo de Laboratorio,Material de laboratorio,LITROS
32566,CLOROFORMO PURO,Equipo de Laboratorio,Material de laboratorio,LITROS
24275,CLORURO FÉRRICO,Herramientas y Utiles,Accesorios,PIEZAS
13502,CLUTCH DOBLE,Herramientas y Utiles,Accesorios,PIE
15968,COCEDOR,Maquinaria y Equipo,Maquinaria y Equipo,PIEZAS
10680,COCINA CROMO PULIDO,Ferreteria,Varios,PIEZAS
13539,CODO HIDRAULICO,Plomeria,Codos,PIEZAS
23774,CODO MANGUERA SINFÍN,Ferreteria,Varios,PIEZAS
29168,COFFE BAR,Mobiliario y equipo,Mobiliario y equipo,PIEZAS
21778,COFRE,Mobiliario y equipo,Mobiliario y equipo,PIEZAS
24708,COJINES DE DESCANSO,Mobiliario y equipo,Mobiliario y equipo,PIEZAS
16634,COLADOR DE ACERO,Ferreteria,Varios,PIEZAS
12612,COLCHON INDIVIDUAL,Gastos diversos,Varios (Gastos Diversos),PIEZAS
12613,COLCHON MATROMONIAL,Gastos diversos,Varios (Gastos Diversos),PIEZAS
32600,COLECTOR ACEITE,Herramientas y Utiles,Accesorios,PIEZAS
19428,COLGADOR DE ALUMINIO,Ferreteria,Herrajes,PIEZAS
15165,COLLAR CERVICAL,Equipo de Seguridad,Equipo de Seguridad,PIEZAS
9613,COLLARIN,Herramientas y Utiles,Accesorios,PIEZAS
26092,COLMILLOS DE PLASTICO,Gastos diversos,Consumibles,PIEZAS
28368,COLUMPIO,Mobiliario y equipo,Mobiliario y equipo,PIEZAS
15592,COMPENSADOR DE VOLTAJE,Equipo de Computo,Accesorios Comunicaciones,PIEZAS
20037,COMPRESA FRIA,Gastos diversos,Primeros Auxilios,PAQUETES
16074,COMPRESOR DE ACEITE,Gastos diversos,Comprensores,PIEZAS
484,COMPRESOR DE AIRE,Herramientas,Semi-automaticas,PIEZAS
22848,COMPRESOR DE GAS,Maquinaria y Equipo,Maquinaria y Equipo,PIEZAS
8003,COMPUESTO READY MIX,Ferreteria,Construccion,CAJAS
2614,COMPUTADORA,Equipo de Computo,Equipo de cómputo,PIEZAS
27277,CONCENTRATE DISTRIBUTION PUMP,Herramientas y Utiles,Accesorios,PIEZAS
27278,CONCENTRATE HEATIN TANK,Herramientas y Utiles,Accesorios,PIEZAS
24276,CONCHAS AUDITIVAS,Equipo de Seguridad,Equipo de Seguridad,PIEZAS
14008,CONCRETO CONCRETE MIX,Gastos diversos,Varios (Gastos Diversos),KILOS
15038,CONCRETO PREMEZCLADO,Gastos diversos,Varios (Gastos Diversos),METROS
25842,CONDENSADOR A/C,Herramientas y Utiles,Accesorios,PIEZAS
12217,CONDENSADOR RECTO,Herramientas y Utiles,HERRAMIENTAS,PIEZAS
27279,CONDENSER,Herramientas y Utiles,Accesorios,PIEZAS
27280,CONDENSING PUMP,Herramientas y Utiles,Accesorios,PIEZAS
33015,CONECTOR ARNES ECM,Equipo de Transporte,sistema electrico,PIEZAS
10603,CONECTOR CAN BUS,Equipo de Transporte,GPS Y SENSORES,PIEZAS
9647,CONECTOR ELECTRICO RELAY,Equipo de Transporte,sistema electrico,PIEZAS
8169,CONECTOR LZ,Equipo de Transporte,Abrazaderas,PIEZAS
20922,CONECTOR NEON FLEX,Material Electrico,Contactores,PIEZAS
24911,CONECTOR RAPIDO INFLALLANTAS,Ferreteria,Varios,PIEZAS
4807,CONECTOR TUERCA,Material Electrico,Tuercas,PIEZAS
34587,CONEXION,Conexiones Rapidas,Conexión rapida,PIEZAS
13799,CONGELADOR HORIZONTAL,Gastos diversos,Varios (Gastos Diversos),PIEZAS
8352,CONGELADOR VERTICAL,Mobiliario y equipo,Mobiliario y equipo,PIEZAS
2528,CONMUTADOR,Equipo de Computo,Accesorios Comunicaciones,PIEZAS
4577,CONTACTO DOBLE COMPLETO,Ferreteria,Varios,PIEZAS
3092,CONTACTO DOBLE METALICO,Ferreteria,Varios,PIEZAS
4442,CONTACTO DOBLE POLARIZADO,Ferreteria,Varios,PIEZAS
1100,CONTACTO DOBLE SENCILLO,Ferreteria,Varios,PIEZAS
9959,CONTACTO DUPLEX,Ferreteria,Varios,PIEZAS
30197,CONTACTO INTELIGENTE,Material Electrico,Material Electrico,PIEZAS
15266,CONTACTO NORMALMENTE ABIERTO,Material Electrico,Contactores,PIEZAS
15267,CONTACTO NORMALMENTE CERRADO,Material Electrico,Contactores,PIEZAS
4869,CONTACTO SENCILLO METALICO,Ferreteria,Varios,PIEZAS
32081,CONTACTOS MTD,Equipo de Transporte,sistema electrico,PIEZAS
29064,CONTADOR MANUAL,Mobiliario y equipo,Mobiliario y equipo,PIEZAS
2221,CONTADORA DE BILLETES,Mobiliario y equipo,Mobiliario y equipo,PIEZAS
8558,CONTADORA DE MONEDAS,Mobiliario y equipo,Mobiliario y equipo,PIEZAS
15765,CONTENEDOR MOVIL,Equipo de Laboratorio,Material de laboratorio,PIEZAS
31316,CONTI MOBILITY KIT,Herramientas y Utiles,HERRAMIENTAS,PIEZAS
23493,CONTRA LAVABO,Mobiliario y equipo,Mobiliario y equipo,PIEZAS
28929,CONTROL CALEFACCION,Herramientas y Utiles,Accesorios,PIEZAS
21498,CONTROL DE ESTROBOS,Equipo de Transporte,Sistema de luces o iluminación,PIEZAS
2342,CONTROL DE PROYECTOR,Herramientas y Utiles,Accesorios,PIEZAS
15875,CONTROLADOR DE MOTOR,Maquinaria y Equipo,Equipos de Medición,PIEZAS
2262,CONTROLADORA INALAMBRICA,Equipo de Comunicación,Equipo de Comunicación,PIEZAS
31273,CONTROLADORA OMADA,Equipo de Comunicación,Equipo de Comunicación,UNIDADES
34444,CONVERTIDOR DE RANGO,Equipo de Transporte,sistema electrico,PIEZAS
27282,COOKER,Herramientas y Utiles,Accesorios,PIEZAS
21787,COOLER PORTATIL,Herramientas y Utiles,Accesorios,PIEZAS
17594,COPLES,Maquinaria y Equipo,Refacciones,PAQUETES
20363,CORDON GAFETE,Papeleria y articulos de oficina,Papeleria y articulos de oficina,PIEZAS
23045,CORDON P/PISTOLA EXTRUSORA,Materia Prima,Diversos Renovados,KILOS
32079,CORE INYECTOR,Equipo de Transporte,Sistema de Inyeccion,PIEZAS
29579,CORE SAM CABINA,Equipo de Transporte,sistema electrico,PIEZAS
19383,CORE SHORT BLOCK,Herramientas y Utiles,Accesorios,PIEZAS
28545,CORREA DE HOMBRO,Equipo de Seguridad,Equipo de Seguridad,PIEZAS
16195,CORREAS DE CARGA,Herramientas y Utiles,Accesorios,JUEGO
29357,CORTA PERNOS,Herramientas y Utiles,Manuales,PIEZAS
15817,CORTADOR DE EMPAQUE,Herramientas y Utiles,HERRAMIENTAS,PIEZAS
15420,CORTADOR DE PVC,Herramientas y Utiles,Accesorios,PIEZAS
13721,CORTADORA DE METAL,Equipo de Transporte,Amortiguadores,PIEZAS
26240,CORTINAS,Gastos diversos,Consumibles,PIEZAS
26239,CORTINEROS,Gastos diversos,Consumibles,PIEZAS
25582,COSTURERO,Papeleria y articulos de oficina,Papeleria y articulos de oficina,PIEZAS
29630,COTONETES,Gastos diversos,Varios (Gastos Diversos),PAQUETES
3321,CPL INTERCONTINENTAL,Gastos diversos,Varios (Gastos Diversos),PIEZAS
11253,CRAYON,Ferreteria,Herrajes,PIEZAS
32157,CREDENZA,Mobiliario y equipo,Mobiliario y equipo,PIEZAS
7534,CREMALLERA,Equipo de Transporte,Sistema de Motor,PIEZAS
28966,CREMERA DE CERAMICA,Mobiliario y equipo,Mobiliario y equipo,PIEZAS
15403,CRISOL DE PORCELANA,Herramientas y Utiles,HERRAMIENTAS,PIEZAS
23768,CRISTAL DE PUERTA,Equipo de Transporte,Sistema de carroceria,PIEZAS
30420,CRISTAL ESPEJO SCANIA,Equipo de Transporte,Accesorios,PIEZAS
6518,CRISTAL PARABRISAS,Gastos diversos,Varios (Gastos Diversos),PIEZAS
9728,CRUCETA INTERMEDIA MIXTA,Herramientas y Utiles,HERRAMIENTAS,PIEZAS
21786,CUADRO DE DECORACION,Mobiliario y equipo,Mobiliario y equipo,PIEZAS
30558,CUATRIMOTO,Equipo de Transporte,Utilitarios,PIEZAS
2791,CUBETAS,Ferreteria,Varios,PIEZAS
32435,CUBIERTA DE SEPARADOR,Equipo de Transporte,Sistema de Filtros,PIEZAS
33488,CUBIERTA LAMPARA NIEBLA,Equipo de Transporte,Accesorios,PIEZAS
16514,CUBOS,Herramientas y Utiles,HERRAMIENTAS,PIEZAS
610,CUBRE BOCA,Gastos diversos,Primeros Auxilios,PIEZAS
27186,CUBRE FACIA VEHICULAR,Gastos diversos,Varios (Gastos Diversos),PIEZAS
31225,CUBRE PALANCA,Gastos diversos,Varios (Gastos Diversos),PIEZAS
15583,CUBRE VOLANTE,Gastos diversos,Varios (Gastos Diversos),PIEZAS
15942,CUBRECALZADO DE POLIPROPILENO,Equipo de Seguridad,Equipo de Seguridad,PAQUETES
34817,CUBRENUCA MALLA,Equipo de Seguridad,Cascos,PIEZAS
31222,CUBREZAPATO FAROLESA,Gastos diversos,Varios (Gastos Diversos),PIEZAS
20248,CUCHARA DE PLASTICO,Cocina,Utensilios,PAQUETES
23406,CUCHILLA APOLO,Herramientas y Utiles,HERRAMIENTAS,PIEZAS
18828,CUCHILLO CHEF,Mobiliario y equipo,Mobiliario y equipo,PIEZAS
32584,CUCHILLO SIERRA,Cocina,Utensilios,PIEZAS
21693,CUCHILLO TRAMONTINA,Cocina,Utensilios,PIEZAS
612,CUENTA FÁCIL,Papeleria y articulos de oficina,Papeleria y articulos de oficina,PIEZAS
613,CUERDA DE VIDA,Equipo de seguridad terrestre,Equipo de Proteccion Personal,PIEZAS
32844,CUPONES DE LAVADO,Gastos diversos,Varios (Gastos Diversos),PIEZAS
8362,CURACRETO,Gastos diversos,Varios (Gastos Diversos),LITROS
3798,CUTTER,Papeleria y articulos de oficina,Papeleria y articulos de oficina,PIEZAS
2793,CUÑA DE BARRA,Herramientas y Utiles,Manuales,PIEZAS
618,CUÑA DE FIERRO,Herramientas y Utiles,Manuales,PIEZAS
24187,CUÑA DE METAL,Ferreteria,Varios,PIEZAS
24186,CUÑA DE PLASTICO,Ferreteria,Varios,PIEZAS
303,CÁMARA WEB,Equipo de Computo,Camaras,PIEZAS
5976,DADOS DE IMPACTO,Herramientas y Utiles,Manuales,PIEZAS
27284,DE-METEL CYLINDER,Herramientas y Utiles,Accesorios,PIEZAS
21856,DECORACION DE COBRE,Mobiliario y equipo,Mobiliario y equipo,PIEZAS
10674,DEFENSA CROMADA PARACHOQUES,Equipo de Transporte,Sistema chasis,PIEZAS
17606,DEFENSA DE MOTORTOOL,Equipo de Transporte,Sistema chasis,PIEZAS
10416,DEMERITO DE MOTOR,Equipo de Transporte,Sistema de Motor,PIEZAS
1622,DEMOSTRADOR PUBLICITARIO,Mobiliario y equipo,Mobiliario y equipo,PIEZAS
23290,DENSIMETRO DE INVERSION,Herramientas y Utiles,HERRAMIENTAS,PIEZAS
11895,DENSIMETRO DIGITAL,Maquinaria y Equipo,Equipos de Medición,PIEZAS
17732,DENSÍMETRO AUTOMÁTICO DIGITAL,Herramientas y Utiles,HERRAMIENTAS,PIEZAS
27285,DEODORIZING PIPELINE,Herramientas y Utiles,Accesorios,PIEZAS
24289,DEPILADOR,Herramientas y Utiles,Navajas,PIEZAS
28392,DEPOSITO DE LIMPIAPARABRISAS,Equipo de Transporte,Sistema de carroceria,PIEZAS
17798,DEPOSITO EXTERIOR,Ferreteria,Varios,PIEZAS
23732,DERMO GARD AQUA,Ferreteria,Varios,PIEZAS
14254,DESARMADOR DE ANGULO,Herramientas y Utiles,Desarmadores,PIEZAS
10053,DESBROZADORA ELECTRICA,Herramientas y Utiles,Electricas,PIEZAS
28285,DESCORAZONADOR DE MANZANA,Mobiliario y equipo,Mobiliario y equipo,PIEZAS
23698,DESFIBRILADOR,Herramientas y Utiles,Accesorios,PIEZAS
28248,DESHUMIDIFICADOR,Mobiliario y equipo,Mobiliario y equipo,PIEZAS
7895,DESLIZANTES DE QUINTA,Equipo de Transporte,Sistema de Transmision,PIEZAS
21603,DESMONTADOR DE LLANTAS,Herramientas y Utiles,Accesorios,PIEZAS
24292,DESOLDADOR DE SUCCIÓN,Herramientas y Utiles,Accesorios,PIEZAS
11654,DESOXIDANTE -DESOXITROL MAQUISA,Ferreteria,Varios,LITROS
697,DESPACHADOR DE CINTA,Papeleria y articulos de oficina,Papeleria y articulos de oficina,PIEZAS
16705,DESPENSA,Gastos diversos,Varios (Gastos Diversos),PIEZAS
29617,DESTORNILLADOR INALAMBRICO,Herramientas,Manuales,PIEZAS
28549,DETECTOR DE METALES,Equipo de Seguridad,Equipo de Seguridad,PIEZAS
17088,DETECTOR DE VOLTAJE,Herramientas y Utiles,HERRAMIENTAS,PIEZAS
4244,DIABLITO CARRETILLA,Herramientas y Utiles,Manuales,PIEZAS
14912,DIABLO,Ferreteria,Varios,PIEZAS
5802,DIAFRAGMA,Equipo de Transporte,Sistema de Suspension,PIEZAS
28467,DIAMANTINA,Gastos diversos,Varios (Gastos Diversos),PIEZAS
13545,DICCIONARIO DE INGLES,Papeleria y articulos de oficina,Papeleria y articulos de oficina,PIEZAS
17165,DIELECTRICO EN SPRAY,Ferreteria,Varios,PIEZAS
704,DIQUE METALICO,Herramientas y Utiles,Tanques,PIEZAS
27286,DISC TYPE DRIER,Herramientas y Utiles,Accesorios,PIEZAS
4043,DISCO DE PARO,Equipo de Transporte,Sistema de Embrague,PIEZAS
16828,DISCO DELANTERO,Equipo de Transporte,Sistema de frenos,PIEZAS
30544,DISCO DESCONTAMINANTE SONAX,Gastos diversos,Varios (Gastos Diversos),PIEZAS
21198,DISCO DURO PURPLE,Equipo de Computo,Accesorios de cómputo,UNIDADES
2298,DISPENSADOR DE AGUA,Mobiliario y equipo,Mobiliario y equipo,PIEZAS
22719,DISPENSADOR DE CEREALES,Mobiliario y equipo,Mobiliario y equipo,PIEZAS
24800,DISPENSARIO,Maquinaria y Equipo,Dispensarios,PIEZAS
16271,DISPLAY MEDIDOR ALMA,Herramientas y Utiles,HERRAMIENTAS,PIEZAS
11765,DISTANCIOMETRO,Herramientas y Utiles,Accesorios,PIEZAS
24298,DIUREX,Ferreteria,Varios,PIEZAS
18180,DIVISOR DE POTENCIA,Equipo de Comunicación,Equipo de Comunicación,PIEZAS
22315,DJI-DRON,Equipo de Computo,Accesorios Comunicaciones,PIEZAS
2453,DONA DE JALON,Equipo de Transporte,Sistema de carroceria,PIEZAS
24300,DREMEL MOTO SAW,Herramientas y Utiles,Accesorios,PIEZAS
24301,DREMEL STYLO,Herramientas y Utiles,Accesorios,PIEZAS
15969,DRENADOR,Maquinaria y Equipo,Maquinaria y Equipo,PIEZAS
27287,DRIER FLUID CLUTCH,Herramientas y Utiles,Accesorios,PIEZAS
24815,DUAL,Maquinaria y Equipo,Motores,PIEZAS
24302,DUCT TAPE,Ferreteria,Varios,PIEZAS
27289,DUCTING PIPELINE CYCLONE,Herramientas y Utiles,Accesorios,PIEZAS
13465,DUCTO METALICO,Herramientas y Utiles,Accesorios,PIEZAS
15348,EJE O FLECHA,Gastos diversos,Varios (Gastos Diversos),PIEZAS
27290,ELECTRIC CONTROL PANEL,Herramientas y Utiles,Accesorios,PIEZAS
23708,ELECTROCARDIOGRAFO,Mobiliario y equipo,Mobiliario y equipo,PIEZAS
21199,ELECTROLITOS ORALES,Gastos diversos,Primeros Auxilios,UNIDADES
27291,ELECTRONIC SCALE,Herramientas y Utiles,Accesorios,PIEZAS
26005,ELIMINADOR DE AIRE,Herramientas y Utiles,Accesorios,PIEZAS
22053,EMBANDADORA DE LLANTAS,Maquinaria y Equipo,Maquinaria y Equipo,PIEZAS
16794,EMBARCACION AUXILIAR PANGON,Equipo de Seguridad,Equipo de Seguridad,PIEZAS
34348,EMBUDO BUCHNER,Equipo de Laboratorio,Equipos de Medición,PIEZAS
3174,EMBUDO DE PLÁSTICO,Ferreteria,Varios,PIEZAS
12673,EMPAQUE ACTUADOR ISX,Equipo de Transporte,EMPAQUES TRANSPORTE,PIEZAS
32599,EMPAQUE CAMPANA MOTOR,Equipo de Transporte,Sistema de Motor,PIEZAS
31629,EMPAQUE DE CABEZAL,Equipo de Transporte,Accesorios,PIEZAS
34798,EMPAQUE DE CAMPANA,Equipo de Transporte,EMPAQUES TRANSPORTE,PIEZAS
3446,EMPAQUE DE CARTER,Herramientas y Utiles,Empaques,PIEZAS
5784,EMPAQUE DE DOMO,Gastos diversos,Varios (Gastos Diversos),PIEZAS
29775,EMPAQUE DE MONEDA,Equipo de Transporte,EMPAQUES TRANSPORTE,PIEZAS
14095,EMPAQUE RETORNO ACEITE,Equipo de Transporte,EMPAQUES TRANSPORTE,PIEZAS
30717,EMPAQUE TOMA TERMOSTASTO,Equipo de Transporte,Sistema de Enfriamiento,PIEZAS
15783,EMPAQUE TRENZADO,Herramientas y Utiles,Empaques,PIEZAS
29589,EMPLAYADORA MANUAL,Herramientas y Utiles,Accesorios,PIEZAS
22054,ENCAMISADORA DE LLANTAS,Equipo de Transporte,Sistema de Motor,PIEZAS
20249,ENCENDEDOOR DE ANTORCHA,Cocina,Utensilios,PIEZAS
5622,ENFRIADOR DE ACEITE,Equipo de Transporte,Sistema de Motor,PIEZAS
2798,ENGARGOLADORA,Papeleria y articulos de oficina,Papeleria y articulos de oficina,PIEZAS
32240,ENGRANE DE PRIMERA,Equipo de Transporte,Sistema de Motor,PIEZAS
23141,ENGRASADORA NEUMATICA,Herramientas y Utiles,Manuales,PIEZAS
22602,ENSAMBLE BACK BONE,Herramientas y Utiles,Accesorios,PIEZAS
8431,ENSAMBLE ESTATOR,Equipo de Transporte,Sistema General,PIEZAS
15097,EPIRB,Equipo de Computo,Accesorios Comunicaciones,PIEZAS
26471,EQUIPO CAJERO CDM,Mobiliario y equipo,Mobiliario y equipo,PIEZAS
27807,EQUIPO DE CORTE,Herramientas y Utiles,Accesorios,PIEZAS
23629,EQUIPO DE GIMNASIO,Mobiliario y equipo,Mobiliario y equipo,PIEZAS
26445,EQUIPO DE VIDEOCONFERENCIA,Equipo de Comunicación,Equipo de Comunicación,PIEZAS
16922,EQUIPO NEUMATICO,Herramientas y Utiles,Accesorios,PIEZAS
30727,EQUIPO TRASNLODER,Maquinaria y Equipo,Equipos Varios (Maquinaria y Equipo),PIEZAS
33129,ERAFLASH,Maquinaria y Equipo,Maquinaria y Equipo,PIEZAS
33130,ERASPEC,Maquinaria y Equipo,Maquinaria y Equipo,PIEZAS
3907,ESCANER DE DOCUMENTOS,Equipo de Computo,Equipo de cómputo,PIEZAS
4467,ESCANER HONEY WELL,Equipo de Computo,Accesorios de cómputo,PIEZAS
14771,ESCOBILLAS DE CARBON,Ferreteria,Varios,JUEGO
28944,ESCOFFIER BANQUETERO,Mobiliario y equipo,Mobiliario y equipo,PIEZAS
2223,ESCRITORIO,Mobiliario y equipo,Mobiliario y equipo,PIEZAS
16143,ESCUADRA,Herramientas y Utiles,HERRAMIENTAS,PIEZAS
25889,ESFIGMOMANÓMETRO ELECTRONICO,Mobiliario y equipo,Mobiliario y equipo,PIEZAS
30301,ESLINGA DE AMARRE,Equipo de Transporte,Accesorios,PIEZAS
10684,ESMERIL,Herramientas y Utiles,Electricas,PIEZAS
16574,ESPADA SENCILLA,Ferreteria,Varios,PIEZAS
13373,ESPARADRAPO/ESPADRAPO,Gastos diversos,Primeros Auxilios,PIEZAS
2441,ESPATULA DE LABORATORIO,Herramientas y Utiles,HERRAMIENTAS,PIEZAS
33004,ESPECTACULARES,Gastos diversos,Varios (Gastos Diversos),PIEZAS
6414,ESPEJO,Gastos diversos,Varios (Gastos Diversos),PIEZAS
5916,ESPOSAS,Equipo de Seguridad,Equipo de Seguridad,PIEZAS
3564,ESPUMA DE POLIURETANO,Ferreteria,Consumibles,PIEZAS
734,ESPUMA LIMPIADORA,Equipo de Computo,Consumibles,PIEZAS
21783,ESQUELETOS,Mobiliario y equipo,Mobiliario y equipo,PIEZAS
16997,ESTACION DE TRABAJO,Mobiliario y equipo,Mobiliario y equipo,PIEZAS
14320,ESTANTE ABIERTO,Mobiliario y equipo,Mobiliario y equipo,PIEZAS
14319,ESTANTE CERRADO GUARDA-REACTIVOS,Mobiliario y equipo,Mobiliario y equipo,PIEZAS
29571,ESTANTE DE EXHIBICIÓN,Gastos diversos,Varios (Gastos Diversos),PIEZAS
18158,ESTANTE DE MADERA,Mobiliario y equipo,Mobiliario y equipo,PIEZAS
30147,ESTEREO MARINO,Gastos diversos,Varios (Gastos Diversos),PIEZAS
2333,ESTEREO Y BOCINAS,Herramientas y Utiles,Accesorios,PIEZAS
6932,ESTRIBO DE ALUMINIO,Herramientas y Utiles,Accesorios,PIEZAS
22856,ESTRUCTURA DE TEJABAN,Herreria,Soldaduras,PIEZAS
15185,ESTRUCTURA METALICA,Mobiliario y equipo,Mobiliario y equipo,PIEZAS
18212,ESTUCHECON DISECCION,Gastos diversos,Primeros Auxilios,PAQUETES
13546,ESTUFA,Mobiliario y equipo,Mobiliario y equipo,PIEZAS
32787,ETER DE PETROLEO,Equipo de Laboratorio,Material de laboratorio,LITROS
11681,ETIQUETADORA DE PRECIOS,Papeleria y articulos de oficina,Papeleria y articulos de oficina,PIEZAS
736,ETIQUETADORA ELECTRONICA,Equipo de Computo,Accesorios de cómputo,PIEZAS
16088,EX-NIPLE MP-MP,Plomeria,Niples,PIEZAS
24334,EXACTO,Herramientas y Utiles,Navajas,PIEZAS
9507,EXTENSION TELEFONICA ESPIRAL,Equipo de Computo,Accesorios Comunicaciones,PIEZAS
2434,EXTRACTOR,Herramientas y Utiles,Manuales,PIEZAS
30921,FALDON DELANTERO,Equipo de Transporte,Accesorios,PIEZAS
6400,FALDON TRASERO IZQ.,Equipo de Transporte,Sistema de carroceria,PIEZAS
2356,FAN CLUTCH,Equipo de Transporte,Sistema de Cluth,PIEZAS
31023,FAN COIL,Maquinaria y Equipo,Maquinaria y Equipo,PIEZAS
8241,FARO DELANTERO DERECHO,Equipo de Transporte,Sistema de luces o iluminación,PIEZAS
8242,FARO DELANTERO IZQUIERDO,Equipo de Transporte,Sistema de luces o iluminación,PIEZAS
3318,FARO NEBLINERO,Equipo de Transporte,Sistema de luces o iluminación,PIEZAS
25953,FAROL DE PARED,Mobiliario y equipo,Mobiliario y equipo,PIEZAS
8428,FAROS DE NIEBLA,Equipo de Transporte,Sistema de luces o iluminación,PIEZAS
9707,FERULA ALTA PRESIÓN,Material Electrico,Coples,PIEZAS
5900,FERULA MOLDEABLE,Herramientas y Utiles,Accesorios,PIEZAS
15666,FIBRA DE VIDRIO,Gastos diversos,Varios (Gastos Diversos),KILOS
29228,FIGURAS DE MDF,Gastos diversos,Varios (Gastos Diversos),PIEZAS
34457,FILTRO A/C,Equipo de Transporte,Utilitarios,PIEZAS
33969,FILTRO CENTRIFUGO,Equipo de Transporte,Sistema de Filtros,PIEZAS
5944,FILTRO COMBUSTIBLE CASCADIA,Equipo de Filtración,Filtros,PIEZAS
5595,FILTRO COMBUSTIBLE MERCEDEZ,Equipo de Filtración,Filtros,PIEZAS
2421,FILTRO DE A/C,Equipo de Transporte,Sistema de Filtros,PIEZAS
2048,FILTRO DE DIESEL,Equipo de Filtración,Filtros,PIEZAS
5225,FILTRO DE GASOLINA,Equipo de Transporte,Sistema de Filtros,PIEZAS
30427,FILTRO DE HIDROLAVADORA,Gastos diversos,Varios (Gastos Diversos),PIEZAS
25703,FILTRO DE UREA,Equipo de Filtración,Filtros,PIEZAS
31559,FILTRO DEF,Equipo de Transporte,Sistema de Filtros,PIEZAS
4947,FILTRO DESHIDRATADOR STD,Equipo de Computo,Accesorios de cómputo,PIEZAS
16807,FILTRO DISPENSARIO BENETT,Equipo de Filtración,Filtros,PIEZAS
31597,FILTRO HYDRAULIC SPIN-ON,Equipo de Filtración,Filtros,PIEZAS
16064,FILTRO KAESER,Equipo de Filtración,Filtros,PIEZAS
21678,FILTRO PRINCIPAL,Equipo de Transporte,Sistema de Filtros,PIEZAS
21677,FILTRO PULIDO,Equipo de Transporte,Sistema de Filtros,PIEZAS
5596,FILTRO SEPARADOR ISX,Equipo de Filtración,Filtros,PIEZAS
12452,FILTROS ACEITE NUGGENTS,Equipo de Filtración,Filtros,PIEZAS
14001,FILTROS DE MANTA,Equipo de Filtración,Filtros,PIEZAS
16841,FILTROS UV,Equipo de Filtración,Filtros,PIEZAS
5323,FIREWALL,Equipo de Comunicación,Equipo de Comunicación,PIEZAS
27293,FISH MEAL COOLER,Herramientas y Utiles,Accesorios,PIEZAS
26490,FLAMINGO DE PELUCHE,Gastos diversos,Varios (Gastos Diversos),PIEZAS
17415,FLAUTA DE BALANCINES,Equipo de Transporte,Sistema de Suspension,PIEZAS
8038,FLECHA LATERAL IZQUIERDA,Equipo de Transporte,Sistema de Motor,PIEZAS
22715,FLECHA PILOTO TRANSMISION,Equipo de Transporte,Sistema General,PIEZAS
5257,FLEJADORA DIXON,Gastos diversos,Varios (Gastos Diversos),PIEZAS
11921,FLORERO,Gastos diversos,Varios (Gastos Diversos),PIEZAS
16051,FLOTADOR,Plomeria,Plomeria,PIEZAS
3781,FLUJOMETRO,Herramientas y Utiles,Accesorios,PIEZAS
13547,FLUXOMETRO,Plomeria,Plomeria,PIEZAS
26786,FOAMI MOLDEABLE,Papeleria y articulos de oficina,Papeleria y articulos de oficina,PIEZAS
3074,FORMON,Herramientas y Utiles,Manuales,PIEZAS
16068,FOSS,Herramientas y Utiles,Accesorios,PIEZAS
34532,FOTOCELDA SIEMENS,Maquinaria y Equipo,Maquinaria y Equipo,PIEZAS
16685,FRAC TANK,Herramientas y Utiles,Tanques,PIEZAS
5459,FRASCO DE XILOL,Herramientas y Utiles,Botellas,PIEZAS
32587,FRASCO HERMETICO,Cocina,Utensilios,PIEZAS
2217,FRIGOBAR,Mobiliario y equipo,Mobiliario y equipo,PIEZAS
34739,FUEL GAS ANALYSER,Maquinaria y Equipo,Maquinaria y Equipo,PIEZAS
5229,FUENTE DE PODER,Equipo de Computo,Accesorios de cómputo,PIEZAS
9804,FUNDENTE BIODEGRADABLE,Ferreteria,Consumibles,PIEZAS
21849,FUNICULAR,Maquinaria y Equipo,Equipos Varios (Maquinaria y Equipo),PIEZAS
31061,FUSIBLE TERMICO,Equipo de Transporte,sistema electrico,PIEZAS
2490,GABINETE DE COMUNICACIONES,Equipo de Computo,Accesorios Comunicaciones,PIEZAS
4003,GABINETE DE MADERA,Mobiliario y equipo,Mobiliario y equipo,PIEZAS
24342,GABINETE DE METAL,Mobiliario y equipo,Mobiliario y equipo,PIEZAS
32217,GABINETE DESFIBRILADOR,Mobiliario y equipo,Equipo,PIEZAS
25561,GABINETE HAMILTON,Mobiliario y equipo,Mobiliario y equipo,PIEZAS
791,GAFETE DE IDENTIFICACION,Gastos diversos,Varios (Gastos Diversos),PIEZAS
17635,GALLETA DE ACOPLAMIENTO,Herramientas y Utiles,Accesorios,PIEZAS
16748,GALVATEJA,Ferreteria,Varios,PIEZAS
2369,GANCHO JALON,Equipo de Transporte,Sistema chasis,PIEZAS
32408,GANCHO LAGARTIJA,Equipo de Transporte,Accesorios,PIEZAS
16238,GANCHO/BICHERO,Herramientas y Utiles,HERRAMIENTAS,PIEZAS
23390,GAS REFRIGERANTE,Equipo de Transporte,Sistema de Motor,PIEZAS
22357,GASERA MANUAL,Herramientas y Utiles,Manuales,PIEZAS
12194,GASKET,Ferreteria,Varios,PIEZAS
22055,GAVETA DE METAL,Gastos diversos,Varios (Gastos Diversos),PIEZAS
19631,GENERADOR DE ELECTRICO,Herramientas y Utiles,Accesorios,PIEZAS
13467,GENERADOR TRIFASICO,Herramientas y Utiles,Generador de luz,PIEZAS
26163,GLICERINA GRADO USP,Equipo de Laboratorio,Material de laboratorio,LITROS
4784,GOBERNADOR DE AIRE,Equipo de Transporte,Sistema de frenos,PIEZAS
27889,GOGGLES DE SEGURIDAD,Equipo de Seguridad,Equipo de Seguridad,PIEZAS
30149,GPS MARINO,Maquinaria y Equipo,Equipos Varios (Maquinaria y Equipo),PIEZAS
7096,GPS PORTATIL,Equipo de Transporte,GPS Y SENSORES,PIEZAS
10076,GRABADOR DE METAL,Herramientas y Utiles,Accesorios,PIEZAS
4200,GRAPAS AUTOMOTRICES,Ferreteria,Varios,CAJAS
4861,GRAVA,Ferreteria,Construccion,METROS
10447,GRILLETE TORN,Ferreteria,Herrajes,PIEZAS
26496,GUACAMAYA DE PELUCHE,Gastos diversos,Varios (Gastos Diversos),PIEZAS
25884,GUARDA MEDICAMENTOS,Mobiliario y equipo,Mobiliario y equipo,PIEZAS
7120,GUARDAFANGO,Gastos diversos,Varios (Gastos Diversos),PIEZAS
32645,GUIA DE ADMISION,Equipo de Transporte,Sistema de Inyeccion,PIEZAS
14915,GUIA DE CABLEADO,Herramientas y Utiles,HERRAMIENTAS,PIEZAS
32644,GUIA DE ESCAPE,Equipo de Transporte,Accesorios,PIEZAS
9978,GUIA ELECTRICA,Herramientas y Utiles,Manuales,PIEZAS
26251,GUITARRA ELECTROACUSTICA,Equipo de Computo,Accesorios Comunicaciones,PIEZAS
16645,GUSANO HELICOIDAL,Herramientas y Utiles,Accesorios,PIEZAS
33577,HDMI SWITCHER VIDEO,Equipo de Comunicación,Accesorios Comunicaciones,PIEZAS
30615,HEATHER PADS CALENTADOR,Maquinaria y Equipo,Maquinaria y Equipo,PIEZAS
8296,HEMBRA JIC GIRATORIA,Material Electrico,Coples,PIEZAS
34094,HEPTANO ACS,Equipo de Laboratorio,Material de laboratorio,LITROS
14028,HERBICIDA,Ferreteria,Varios,PIEZAS
9921,HERRAMIENTA ELECTRONICA,Equipo de Transporte,sistema electrico,PIEZAS
14833,HEXANO,Equipo de Laboratorio,Material de laboratorio,LITROS
33144,HIDROBOSTHER,Equipo de Transporte,Sistema de frenos,PIEZAS
11208,HIDROCONTROL DE AGUA,Ferreteria,Varios,PIEZAS
807,HIDROLAVADORA ELECTRICA,Herramientas y Utiles,Manuales,PIEZAS
3894,HIDROLAVADORA MOTOR GASOLINA,Herramientas y Utiles,HERRAMIENTAS,PIEZAS
5981,HIDROMETRO ASTM,Herramientas y Utiles,HERRAMIENTAS,PIEZAS
2590,HIDRONEUMATICO,Herramientas y Utiles,Accesorios,PIEZAS
2629,HIELERA,Herramientas y Utiles,Manuales,PIEZAS
18228,HILENO,Equipo de Laboratorio,Material de laboratorio,LITROS
24361,HILO CONDUCTOR,Herramientas y Utiles,Cables,PIEZAS
28072,HILO GRAFITADO,Herramientas y Utiles,Accesorios,PIEZAS
21229,HOJA DE FOAMY,Papeleria y articulos de oficina,Papeleria y articulos de oficina,PIEZAS
32731,HOJA DE IMAN,Papeleria y articulos de oficina,Papeleria y articulos de oficina,PIEZAS
2828,HOJA OPALINA CARTA,Papeleria y articulos de oficina,Papeleria y articulos de oficina,PIEZAS
27499,HORIZONTAL SCREW CONVEYOR,Herramientas y Utiles,Accesorios,PIEZAS
34178,HORNILLA,Mobiliario y equipo,Mobiliario y equipo,PIEZAS
27615,HORNO,Mobiliario y equipo,Mobiliario y equipo,PIEZAS
4879,HORQUILLA COMPLETA,Herramientas y Utiles,Accesorios,PIEZAS
22116,HORQUILLA DE CLUTCH,Equipo de Transporte,Sistema de Cluth,PIEZAS
23054,HORQUILLAS SUPERIONES COMPLETAS,Equipo de Transporte,Sistema de Suspension,PIEZAS
19265,HOTSPOT,Equipo de Computo,Accesorios Comunicaciones,PIEZAS
32603,HUASA DE PARO,Equipo de Transporte,Accesorios,PIEZAS
14712,HUATA,Equipo de Filtración,Filtros,METROS
6399,HUB USB,Equipo de Computo,Accesorios de cómputo,PIEZAS
33911,HUBODOMETRO DIGITAL,Equipo de Transporte,Accesorios,PIEZAS
24115,HULE CARDAN,Equipo de Transporte,Sistema de Motor,PIEZAS
6002,IBUTTONS,Gastos diversos,Varios (Gastos Diversos),PIEZAS
816,IMPERMEABLE,Equipo de Seguridad,Impermeables,PIEZAS
4656,IMPRESORA,Equipo de Computo,Impresora,PAQUETES
18591,INDICADOR ACÚSTICO LUMINOSO,Material Electrico,Diversos (Material Electrico),PIEZAS
15887,INDICADOR TEMPERATURA,Maquinaria y Equipo,Equipos de Medición,PIEZAS
27295,INDUSTRIAL AIR COOLER,Herramientas y Utiles,Accesorios,PIEZAS
27874,INFLADOR DE GUANTES,Gastos diversos,Varios (Gastos Diversos),PIEZAS
18214,INMOBILIZADOR DE CABEZA,Gastos diversos,Primeros Auxilios,PIEZAS
15161,INMOVILIZADOR CRANEAL,Gastos diversos,Primeros Auxilios,PIEZAS
9614,INMOVILIZADOR DE CRANEO,Herramientas y Utiles,Accesorios,PIEZAS
2741,INODORO,Mobiliario y equipo,Mobiliario y equipo,PIEZAS
22057,INSPECCIONADORA DE LLANTAS,Herramientas y Utiles,Accesorios,PIEZAS
33256,INSTALADOR DE PIVOTES,Equipo de Transporte,Llantas,PIEZAS
27296,INSTALATION SET,Herramientas y Utiles,Accesorios,PIEZAS
27297,INTEGRATED HAMMER MILL,Herramientas y Utiles,Accesorios,PIEZAS
3929,INTERFACE DE DISPENSARIO,Herramientas y Utiles,Accesorios,PIEZAS
18677,INTERFACE MODULE,Herramientas y Utiles,Accesorios,PIEZAS
1704,INTERFACE PAM-PC PUMP-CONTROL,Herramientas y Utiles,Accesorios,PIEZAS
2329,INTERFON,Equipo de Oficina,Equipo de telefono,PIEZAS
28635,INTERRUPTOR EMBRAGUE CASCADIA,Equipo de Transporte,Sistema de Cluth,PIEZAS
30196,INTERRUPTOR INTELIGENTE,Material Electrico,Material Electrico,PIEZAS
10117,INTERRUPTOR MAGNETICO,Material Electrico,Interruptores,PIEZAS
25707,INTERRUPTOR WI-FI,Gastos diversos,Varios (Gastos Diversos),PIEZAS
4172,INVERSOR DE FRECUENCIA,Herramientas y Utiles,Accesorios,PIEZAS
26263,INVERSORES SOLARES,NEGOCIOS RENOVABLES,PANALES SOLARES,PIEZAS
11321,INVITACIONES,Gastos diversos,Varios (Gastos Diversos),PIEZAS
11915,INYECTORES,Gastos diversos,Varios (Gastos Diversos),PIEZAS
2390,IPAD,Equipo de Computo,Equipo de cómputo,PIEZAS
32797,JALADOR DE LAVADO,Gastos diversos,Varios (Gastos Diversos),PIEZAS
27930,JARRA GRADUADA,Herramientas y Utiles,HERRAMIENTAS,PIEZAS
23422,JARRON DE MADERA,Mobiliario y equipo,Mobiliario y equipo,PIEZAS
28957,JARRON DE PORCELANA,Mobiliario y equipo,Mobiliario y equipo,PIEZAS
22599,JARRÓN DE CERÁMICA,Mobiliario y equipo,Mobiliario y equipo,PIEZAS
29504,JAULA PROTECTORA INFLALLANTAS,Herramientas y Utiles,Accesorios,PIEZAS
31833,JUEGO DE BALEROS,Equipo de Transporte,sistema electrico,PIEZAS
29522,JUEGO DE ESPATULAS,Herramientas y Utiles,Accesorios,PIEZAS
16142,JUEGO DE EXTRACTORES,Herramientas y Utiles,HERRAMIENTAS,JUEGO
31210,JUEGO DE LIMAS,Herramientas,Manuales,PIEZAS
3256,JUEGO DE LODERA,Equipo de Transporte,Sistema de carroceria,PAQUETES
3329,JUEGO DE MANITAS,Herramientas y Utiles,Manuales,PAQUETES
33964,JUEGO DE OPRESORES,Equipo de Transporte,Accesorios,JUEGO
30622,JUEGO DE PINZAS,Herramientas y Utiles,HERRAMIENTAS,JUEGO
887,JUEGO DE SALA,Mobiliario y equipo,Mobiliario y equipo,PIEZAS
32245,JUEGO DE SEGUROS,Equipo de Transporte,Sistema de Motor,PIEZAS
23511,JUEGO DE VAJILLA,Cocina,Loza y Cristaleria,JUEGO
30252,JUEGO DE VAPORIZADOR,Maquinaria y Equipo,Equipos Varios (Maquinaria y Equipo),PIEZAS
17087,JUEGO LLAVE ALLEN-URREA,Herramientas y Utiles,Llaves,JUEGO
18389,JUMPER LC-LC,Equipo de Computo,Accesorios Redes,PIEZAS
30813,JUNTA BOMBA DIRECCION,Equipo de Transporte,Sistema Direccion,PIEZAS
24016,JUNTA CAJA TERMOSTATO,Herramientas y Utiles,Accesorios,PIEZAS
32596,JUNTA JAULA BALANCINES,Equipo de Transporte,Sistema de ejes,PIEZAS
24018,JUNTA KT,Herramientas y Utiles,Accesorios,PIEZAS
32623,JUNTA METALICA TURBOCOMPRESOR,Equipo de Transporte,Sistema de toma fuerza,PIEZAS
28393,KAYAK,Mobiliario y equipo,Mobiliario y equipo,PIEZAS
11191,KETEROLACO,Gastos diversos,Consumibles,PIEZAS
26157,KIT BUFFER,Gastos diversos,Consumibles,PIEZAS
26363,KIT COLORANTE WRIGHT,Equipo de Laboratorio,Material de laboratorio,LITROS
9678,KIT DE ADAPTADORES,Gastos diversos,Varios (Gastos Diversos),PAQUETES
27920,KIT DE BARMAN,Mobiliario y equipo,Mobiliario y equipo,PIEZAS
14835,KIT DE CLUTCH,Equipo de Transporte,Sistema de Cluth,PIEZAS
4284,KIT DE DISTRIBUCION,Equipo de Transporte,sistema electrico,PIEZAS
6579,KIT DE PERNOS,Gastos diversos,Varios (Gastos Diversos),PAQUETES
32088,KIT DE REHABILITACION,Mobiliario y equipo,Mobiliario y equipo,PAQUETES
11898,KIT DE RETORTA,Maquinaria y Equipo,Equipos Varios (Maquinaria y Equipo),PIEZAS
15347,KIT DE SELLOS,Gastos diversos,Varios (Gastos Diversos),PAQUETES
11484,KIT DE TERMINALES,Ferreteria,Varios,PAQUETES
22534,KIT DE VIDEOCAMARAS,Equipo de Computo,Camaras,PIEZAS
33668,KIT LINEAS CUATAS,Equipo de Transporte,Sistema de Motor,PIEZAS
19301,KIT RELLENO,Herramientas y Utiles,Accesorios,PIEZAS
15173,KIT VIDEOPORTERO,Equipo de Seguridad,Equipo de Seguridad,PIEZAS
26173,KIT-WRIGHT,Equipo de Laboratorio,Material de laboratorio,PIEZAS
16811,LADRILLO,Gastos diversos,Varios (Gastos Diversos),PIEZAS
15060,LAMINA DE POLICARBONATO,Ferreteria,Varios,PIEZAS
5679,LAMINA GALVANIZADA,Herreria,Lamina de Acero,PIEZAS
23673,LAMPARA DE CHICOTE,Mobiliario y equipo,Mobiliario y equipo,PIEZAS
15634,LAMPARA DE DESTELLO,Equipo de Seguridad,Equipo de Seguridad,PIEZAS
2515,LAMPARA DE LECTURA,Mobiliario y equipo,Mobiliario y equipo,PIEZAS
14797,LAMPARA EMERGENCIA LED,Material Electrico,Iluminación,PIEZAS
13437,LAMPARA LED,Ferreteria,Varios,PIEZAS
17086,LAMPARA MINERA,Material Electrico,Iluminación,PIEZAS
20035,LAMPARA PUPILERA,Gastos diversos,Primeros Auxilios,PIEZAS
4626,LAMPARA SUB-URBANA,Material Electrico,Iluminación,PIEZAS
28532,LAMPARA TULE,Mobiliario y equipo,Mobiliario y equipo,PIEZAS
10615,LANCHA RAPIDA,Equipo de Transporte,Utilitarios,UNIDADES
918,LAPTOP,Equipo de Computo,Equipo de cómputo,PIEZAS
4082,LAVABO,Mobiliario y equipo,Mobiliario y equipo,PIEZAS
16126,LAVADOR DE VAHOS,Maquinaria y Equipo,Maquinaria y Equipo,PIEZAS
6854,LAVADORA,Gastos diversos,Varios (Gastos Diversos),PIEZAS
11907,LAVAR CABEZA,Gastos diversos,Varios (Gastos Diversos),PIEZAS
10282,LECTOR DE HUELLA,Equipo de Computo,Accesorios de cómputo,PIEZAS
24173,LECTOR RF ID,Equipo de Computo,Accesorios de cómputo,PIEZAS
24394,LED LÁSER,Ferreteria,Varios,PIEZAS
23271,LEDS DE LUPA,Ferreteria,Varios,PIEZAS
15380,LENGÜETA DE ARRASTRE,Herramientas y Utiles,Accesorios,PIEZAS
24405,LENTES,Equipo de Seguridad,Equipo de Seguridad,PIEZAS
7967,LETRERO DE VINIL,Gastos diversos,Varios (Gastos Diversos),PIEZAS
21592,LEVANTADOR DE AUTOS,Maquinaria y Equipo,Maquinaria y Equipo,PIEZAS
3664,LIBRERO DE MADERA,Mobiliario y equipo,Mobiliario y equipo,PIEZAS
20197,LIBRO ALCOHOLICOS ANONIMOS,PAPELERIA OPERATIVA,OCEANICA,PIEZAS
20207,LIBRO COMEDORES COMPULSIVOS,PAPELERIA OPERATIVA,OCEANICA,PIEZAS
20195,LIBRO NARCOTICOS ANONIMOS,PAPELERIA OPERATIVA,OCEANICA,PIEZAS
20206,LIBRO REFLEXIONES COMEDORES,PAPELERIA OPERATIVA,OCEANICA,PIEZAS
20194,LIBRO VIVIENDO SOBRIO,PAPELERIA OPERATIVA,OCEANICA,PIEZAS
33599,LIBROS DE ANSPAC,Gastos diversos,Varios (Gastos Diversos),UNIDADES
31561,LICUADORA,Cocina,Accesorios,PIEZAS
34211,LIGA TERMOSTATO,Equipo de Transporte,Sistema de Enfriamiento,PIEZAS
16825,LIGAS DE PRECAMARA,Herramientas y Utiles,Accesorios,PIEZAS
24417,LIJADORA ORBITAL,Ferreteria,lija,PIEZAS
18021,LIMA REDONDA BASTARDA,Herramientas y Utiles,Limas,PIEZAS
18022,LIMA REDONDA MUZA,Herramientas y Utiles,Limas,PIEZAS
931,LIMATON,Herramientas y Utiles,Manuales,PIEZAS
29097,LIMPIA BOQUILLAS,Herramientas y Utiles,Manuales,PIEZAS
4749,LIMPIA CARBURADOR,Gastos diversos,Varios (Gastos Diversos),PIEZAS
27428,LIMPIADOR DE RINES,Gastos diversos,Varios (Gastos Diversos),LITROS
5290,LIMPIADOR DIELECTRICO,Equipo de Transporte,sistema electrico,PIEZAS
34727,LIMPIADOR ULTRASONICO,Equipo de Computo,Accesorios de cómputo,PIEZAS
2053,LIMPIAPARABRISAS,Equipo de Transporte,Limpiabrisas,PIEZAS
10217,LINEA DE COMBUSTIBLE,Equipo de Transporte,Sistema de Motor,PIEZAS
16009,LINEA DE CONDENSADO,Plomeria,Plomeria,PIEZAS
16071,LINEA DE GAS,Material Electrico,Tubos,METROS
10033,LINEA DE SEGURIDAD,Equipo de seguridad terrestre,Equipo de Proteccion Personal,PIEZAS
15975,LINEA DE VAPOR,Maquinaria y Equipo,Equipos varios,PIEZAS
5815,LINEA DE VIDA,Equipo de Seguridad,Equipo de Seguridad,PIEZAS
21988,LINEA REFRIGERANTE,Equipo de Transporte,Sistema de Enfriamiento,PIEZAS
10714,LINEAS DE INYECCION,Equipo de Transporte,Sistema de Motor,PIEZAS
937,LINTERNA DE MANO,Equipo de Seguridad,Equipo de Seguridad,PIEZAS
1563,LLANTA SECCIONADA,Equipo de Transporte,Llantas,PIEZAS
17268,LLANTA TREN PRINCIPAL,Equipo de Transporte,Llantas,PIEZAS
6186,LLAVE AJUSTABLE CROMADA,Herramientas y Utiles,Manuales,PIEZAS
6415,LLAVE ANGULAR,Herramientas y Utiles,Manuales,PIEZAS
14673,LLAVE DE ARTILLERIA,Herramientas y Utiles,Manuales,PIEZAS
4760,LLAVE DE EXTENSION,Herramientas y Utiles,Manuales,PIEZAS
32239,LLAVE DE LABORATORIO,Equipo de Laboratorio,Material de laboratorio,PIEZAS
4241,LLAVE DE PLOMERO,Herramientas y Utiles,Manuales,PIEZAS
3155,LLAVERO IDENTIFICADOR,Papeleria y articulos de oficina,Papeleria y articulos de oficina,PIEZAS
20473,LLAVERO MANOS ORANDO,Gastos diversos,OCEANICA,PIEZAS
29103,LOCKER METALICO,Mobiliario y equipo,Mobiliario y equipo,PIEZAS
33956,LOGOTIPO SCANIA,Equipo de Transporte,Accesorios,PIEZAS
3433,LONA,Ferreteria,Varios,PIEZAS
10002,LOSETA,Ferreteria,Varios,PIEZAS
4280,LOTE DE TORNILLERIA,Equipo de Transporte,Sistema de carroceria,PAQUETES
19342,LOZETA,Ferreteria,Construccion,PIEZAS
13504,LUBRICADORES,Ferreteria,Varios,PIEZAS
6494,LUCES ARQUITECTONICAS,Material Electrico,Iluminación,PIEZAS
16890,LUCES DE ATERRIZAJE,Herramientas y Utiles,Accesorios,PIEZAS
32920,LUCES LED,Equipo electrónico,Accesorios,PIEZAS
23604,LUMINARIA,Material Electrico,Iluminación,PIEZAS
25913,LÁMPARA BOLSILLO,Herramientas y Utiles,Accesorios,PIEZAS
25890,LÁMPARA HAZ DIRECCIONABLE,Mobiliario y equipo,Mobiliario y equipo,PIEZAS
23644,MACETA,Herramientas y Utiles,Accesorios,PIEZAS
14687,MAIN BEARING STD,Plomeria,Conexión rapida,PIEZAS
24437,MAKEY MAKEY,Herramientas y Utiles,Accesorios,PIEZAS
15874,MALETIN PRIMEROS AUXILIOS,Equipo de Seguridad,Equipo de Seguridad,PIEZAS
28034,MALLA ANTIGRAVILLA,Gastos diversos,Varios (Gastos Diversos),PIEZAS
31274,MALLA DE COCO,Ferreteria,Ferreteria,ROLLOS
10300,MALLA ELECTROSOLDADA,Ferreteria,Varios,METROS
34625,MALLA MATACHISPAS,Equipo de Transporte,Accesorios,PIEZAS
15903,MALLA SOMBRA,Gastos diversos,Varios (Gastos Diversos),PIEZAS
33425,MAMOGRAFIA,Gastos diversos,Varios (Gastos Diversos),PIEZAS
16140,MANERAL DE CRUZ,Herramientas y Utiles,HERRAMIENTAS,PIEZAS
16138,MANERAL DE FUERZA,Herramientas y Utiles,HERRAMIENTAS,PIEZAS
28051,MANERAL SOLO BRONCE,Herramientas y Utiles,Llaves,PIEZAS
25133,MANERAL TELESCOPICO TUBO,Ferreteria,Varios,PIEZAS
15934,MANGAS DE CARNAZA,Equipo de Seguridad,Equipo de Seguridad,PIEZAS
34209,MANGUERA CALENTADOR,Equipo de Transporte,Sistema de Enfriamiento,PIEZAS
27790,MANGUERA DE ADMISION,Equipo de Transporte,Sistema de Aire,PIEZAS
34208,MANGUERA DE CALEFACCION,Equipo de Transporte,Sistema de Enfriamiento,PIEZAS
34207,MANGUERA DEPOSITO EGR,Equipo de Transporte,Sistema de Enfriamiento,PIEZAS
27031,MANGUERA INYECTOR DEF,Equipo de Transporte,Sistema de Motor,PIEZAS
29776,MANGUERA LIQUIDA A/C,Equipo de Transporte,Sistema de Aire,PIEZAS
987,MANGUERA OXICORTE,Conexiones Rapidas,Mangueras,PIEZAS
2373,MANGUERA POLYFLO,Conexiones Rapidas,Mangueras,PIEZAS
34206,MANGUERA SUPERIOR RADIADOR,Equipo de Transporte,Sistema de Enfriamiento,PIEZAS
34210,MANGUERA TEMPERATURA,Equipo de Transporte,Sistema de Enfriamiento,PIEZAS
16008,MANIFOLD DE VAPOR,Maquinaria y Equipo,Equipos varios,PIEZAS
7400,MANIJA EXTERIOR,Equipo de Transporte,Accesorios,PIEZAS
19698,MANIQUI CABALLERO COMPLETO,Mobiliario y equipo,Mobiliario y equipo,PIEZAS
10874,MANIVELA,Equipo de Transporte,Sistema chasis,PIEZAS
1001,MANOMETRO,Herramientas y Utiles,Manometros,PIEZAS
27681,MANOS LIBRES,Equipo de Computo,Accesorios Comunicaciones,PIEZAS
14048,MANTA CONTRA INCENDIO,Gastos diversos,Varios (Gastos Diversos),PIEZAS
3496,MAQUINA DE SOLDAR,Herramientas y Utiles,HERRAMIENTAS,PIEZAS
26241,MARACAS,Gastos diversos,Consumibles,PIEZAS
2323,MARCADOR DE LLANTAS,Equipo de Transporte,"Sistema de llantas, cámaras y corbatas",PIEZAS
33538,MARCADOR DE TEMPERATURA,Equipo de Transporte,Sistema de Motor,PIEZAS
10457,MARCADOR VELOCIMETRO,Equipo de Transporte,sistema electrico,PIEZAS
29509,MARRO,Herramientas y Utiles,Manuales,PIEZAS
14206,MARTILLO DE DEMOLICION,Maquinaria y Equipo,Equipos varios,PIEZAS
25116,MARTILLO NEUROLOGICO,Herramientas y Utiles,Accesorios,PIEZAS
25893,MARTILLO PERCUSOR,Herramientas y Utiles,Accesorios,PIEZAS
14161,MARTILLO ROTATIVO,Herramientas y Utiles,Martillos,PIEZAS
19264,MASTIL DE ACERO,Equipo de Computo,Accesorios Comunicaciones,PIEZAS
27322,MATACHISPAS,Equipo de Transporte,Sistema chasis,PIEZAS
16193,MATAMOSCA,Gastos diversos,Varios (Gastos Diversos),PIEZAS
4401,MATERIALES DIVERSOS,Equipo de Transporte,Sistema General,PAQUETES
27679,MATERIALES Y ACCESORIOS,Equipo de Transporte,Sistema General,PAQUETES
27825,MATRACES KJELDAHL,Herramientas y Utiles,HERRAMIENTAS,PIEZAS
23285,MATRAZ AFORADO,Herramientas y Utiles,HERRAMIENTAS,PIEZAS
24456,MATRÍZ DE LED,Ferreteria,Varios,PIEZAS
14737,MAZA RUEDA DELANTERA,Equipo de Transporte,Sistema de Suspension,PIEZAS
30396,MECATE DE IXTLE,Gastos diversos,Varios (Gastos Diversos),METROS
31829,MEDIDOR DE AGUA,Ferreteria,Ferreteria,PIEZAS
23278,MEDIDOR DE OCTANAJE,Maquinaria y Equipo,Equipos de Medición,PIEZAS
3320,MEDIDOR KI,Maquinaria y Equipo,Equipos de Medición,PIEZAS
16916,MEGATON ROMPEHIELO,Herramientas y Utiles,Accesorios,PIEZAS
17296,MEMBRANA DESALINADORA,Herramientas y Utiles,Accesorios,PIEZAS
819,MEMORIA RAM,Equipo de Computo,Accesorios de cómputo,PIEZAS
16134,MESA BANCA,Herramientas y Utiles,Accesorios,PIEZAS
29395,MESA COMEDOR,Mobiliario y equipo,Mobiliario y equipo,PIEZAS
21687,MESA DE CENTRO,Mobiliario y equipo,Mobiliario y equipo,PIEZAS
23669,MESA DE CURACIONES,Mobiliario y equipo,Mobiliario y equipo,PIEZAS
23671,MESA DE EXPLORACIÓN,Mobiliario y equipo,Mobiliario y equipo,PIEZAS
2234,MESA DE MADERA,Mobiliario y equipo,Mobiliario y equipo,PIEZAS
6431,MESA DE METAL,Mobiliario y equipo,Mobiliario y equipo,PIEZAS
25427,MESA DRUM STORAGE,Mobiliario y equipo,Mobiliario y equipo,PIEZAS
27937,MESA INDIVIDUAL,Mobiliario y equipo,Mobiliario y equipo,PIEZAS
15025,MESA MULTIUSOS,Mobiliario y equipo,Mobiliario y equipo,PIEZAS
28323,MESA PERIQUERA,Mobiliario y equipo,Mobiliario y equipo,PIEZAS
27299,METAL DETECTOR BRAND,Herramientas y Utiles,Accesorios,PIEZAS
22672,METALES DE BANCADA,Equipo de Transporte,Sistema de Motor,PIEZAS
15218,METALES DE BIELA,Gastos diversos,Varios (Gastos Diversos),PIEZAS
29353,METATE DE PIEDRA,Cocina,Loza y Cristaleria,PIEZAS
14830,METIL ETIL CETONA,Gastos diversos,Varios (Gastos Diversos),LITROS
10556,MEZCLADORA DE AUDIO,Gastos diversos,Audio,PIEZAS
27921,MICRO BLAZE OUT,Gastos diversos,Varios (Gastos Diversos),PIEZAS
3824,MICRO DE PARO,Equipo de Transporte,"Sistema de llantas, cámaras y corbatas",PIEZAS
32212,MICRO SWITCH FREIGTHLINER,Equipo de Transporte,sistema electrico,PIEZAS
31539,MICROCHIP DE EMBRAGUE,Equipo de Transporte,Sistema de Cluth,PIEZAS
25668,MICROCHIP PROTOCOLO FDX-B,Herramientas y Utiles,Accesorios,PIEZAS
32494,MICROCONTROLADOR,Equipo electrónico,Accesorios,PIEZAS
19452,MICROESFERA REFLEJANTE,Ferreteria,Varios,SACOS
13548,MICROFONO CB,Equipo de Computo,Accesorios Comunicaciones,PIEZAS
7090,MICROFONO DE MANO,Gastos diversos,Audio,PIEZAS
26245,MICROFONOS INALAMBRICOS,Equipo de Computo,Accesorios Comunicaciones,PIEZAS
24849,MICROSCOPIO BINOCULAR,Herramientas y Utiles,Manuales,PIEZAS
24478,MICROSCOPIO USB,Herramientas y Utiles,HERRAMIENTAS,PIEZAS
10108,MICROSWITCH FESTO,Equipo de Transporte,Sistema de Descarga de Producto,PIEZAS
21277,MICRÓFONO ALÁMBRICO,Equipo de Computo,Accesorios Comunicaciones,UNIDADES
24472,MICRÓFONO ELECTRET,Herramientas y Utiles,Accesorios,PIEZAS
16498,MINGITORIO,Mobiliario y equipo,Mobiliario y equipo,PIEZAS
3680,MINI PC,Equipo de Computo,Equipo de cómputo,PIEZAS
9704,MINI-PINZA PASA CORRIENTE,Herramientas y Utiles,Manuales,PIEZAS
24125,MINI-TRUCK ELECTRICA,NEGOCIOS RENOVABLES,VEHICULOS ELECTRICOS,PIEZAS
2007,MINICORTADORA,Herramientas y Utiles,Electricas,PIEZAS
15775,MIRILLA DE ACRILICO,Gastos diversos,Varios (Gastos Diversos),PIEZAS
15773,MIRILLA DE CRISTAL,Gastos diversos,Varios (Gastos Diversos),PIEZAS
13582,MIRILLA HEXAGONAL,Ferreteria,Varios,PIEZAS
29157,MOCHILA LOGO FODEN,Gastos diversos,FODEN,PIEZAS
1042,MOCHILA PROMOCIONAL REDPETROIL,Gastos diversos,Varios (Gastos Diversos),PIEZAS
2259,MODEM,Equipo de Computo,Accesorios Redes,PIEZAS
29243,MODULO BHM,Equipo de Transporte,sistema electrico,PIEZAS
31443,MODULO CECU KW,Equipo de Transporte,sistema electrico,PIEZAS
27436,MODULO CPC,Herramientas y Utiles,Accesorios,PIEZAS
32437,MODULO DE COMBUSTIBLE,Equipo de Transporte,sistema electrico,PIEZAS
15789,MODULO DE MEDICION,Maquinaria y Equipo,Equipos de Medición,PIEZAS
28654,MODULO DE VENTA,Mobiliario y equipo,Mobiliario y equipo,PIEZAS
6229,MODULO ECM,Gastos diversos,Varios (Gastos Diversos),PIEZAS
29536,MODULO INTERACTIVO,Gastos diversos,Varios (Gastos Diversos),PIEZAS
30840,MODULO PNBD,Equipo de Transporte,sistema electrico,PIEZAS
10458,MODULO PNDB,Equipo de Transporte,sistema electrico,PIEZAS
14221,MODULO RECEPTOR,Equipo de Computo,Accesorios Comunicaciones,PIEZAS
10067,MODULO RELOJ,Equipo de Transporte,TRANSMISIONES,PIEZAS
11933,MODULO VCU,Equipo de Transporte,sistema electrico,PIEZAS
33569,MODULO VPDM,Equipo de Transporte,Accesorios,PIEZAS
32773,MODULO VRDU,Equipo de Transporte,sistema electrico,PIEZAS
17049,MOLEDORA DE CARNE,Maquinaria y Equipo,Maquinaria y Equipo,PIEZAS
16013,MOLINO,Herramientas y Utiles,Accesorios,PIEZAS
1085,MONITOR,Equipo de Computo,Equipo de cómputo,PIEZAS
16792,MONTACARGA,Equipo de Transporte,Utilitarios,PIEZAS
13946,MORTERO,Ferreteria,Varios,TONELADAS
15786,MOTOBOMBA,Herramientas y Utiles,Bombas,PIEZAS
1048,MOTOCICLETA,Equipo de Transporte,Utilitarios,UNIDADES
2164,MOTOR DE ARRANQUE,Maquinaria y Equipo,Motores,PIEZAS
4923,MOTOR DE DIESEL,Maquinaria y Equipo,Motores,PIEZAS
33918,MOTOR LIMPIAPARABRISAS,Equipo de Transporte,Accesorios,PIEZAS
33711,MOTOR MECANISMO LIMPIAPARABRISAS,Equipo de Transporte,Accesorios,PIEZAS
12072,MOTOR RECONSTRUIDO,Equipo de Transporte,Sistema de Motor,PIEZAS
14336,MOTOR REDUCTOR,Maquinaria y Equipo,Motores,PIEZAS
16004,MOTOR REGULADOR,Maquinaria y Equipo,Motores,PIEZAS
3892,MOTOR REMOLQUE THERMOKING,Maquinaria y Equipo,Motores,PIEZAS
3893,MOTOR REMOLQUE TRANSICOLD,Maquinaria y Equipo,Motores,PIEZAS
24484,MOTOR SHIELD,Herramientas y Utiles,Accesorios,PIEZAS
16061,MOTOR SOPLADOR,Maquinaria y Equipo,Motores,PIEZAS
15984,MOTOR TRIFASICO,Maquinaria y Equipo,Motores,PIEZAS
24485,MOTORES VIBRADORES,Herramientas y Utiles,Accesorios,PIEZAS
2580,MOTOVENTILADOR,Equipo de Transporte,Sistema de Enfriamiento,PIEZAS
1056,MOUSE ALAMBRICO,Equipo de Computo,Accesorios de cómputo,PIEZAS
2059,MOUSE INALAMBRICO,Equipo de Computo,Accesorios de cómputo,PIEZAS
6412,MUEBLE DE MADERA,Mobiliario y equipo,Mobiliario y equipo,PIEZAS
29169,MUEBLE DE RECEPCION,Mobiliario y equipo,Mobiliario y equipo,PIEZAS
18681,MUELLE CORTA,Equipo de Transporte,Sistema chasis,PIEZAS
34338,MUELLE CUARTA,Equipo de Transporte,Sistema de Suspension,PIEZAS
28246,MUELLE SEGUNDA,Equipo de Transporte,Sistema de Suspension,PIEZAS
34337,MUELLE TERCERA,Equipo de Transporte,Sistema de Suspension,PIEZAS
18680,MUELLES PRINCIPAL,Equipo de Transporte,Sistema chasis,PIEZAS
26377,MUESTREADOR,Herramientas y Utiles,Manuales,PIEZAS
23704,MULETAS AXILARES,Mobiliario y equipo,Mobiliario y equipo,PIEZAS
24486,MULTICONTACTO INDUSTRIAL,Ferreteria,Varios,PIEZAS
24487,MULTÍMETROS,Herramientas y Utiles,HERRAMIENTAS,PIEZAS
2227,MÁQUINA ENMICADORA,Mobiliario y equipo,Mobiliario y equipo,PIEZAS
31294,MÁQUINA EXPENDEDORA SNACKS/BEBIDAS,Mobiliario y equipo,Mobiliario y equipo,UNIDADES
12663,NAVAJA SUIZA SENTINEL,Herramientas y Utiles,Navajas,PIEZAS
26190,NEBULIZADOR,Herramientas y Utiles,Accesorios,PIEZAS
23674,NEGATOSCOPIO,Mobiliario y equipo,Mobiliario y equipo,PIEZAS
2626,NEVERA,Herramientas y Utiles,Accesorios,PIEZAS
3924,NIPLE BOTELLA,Equipo de Transporte,Carga y descarga de producto,PIEZAS
10106,NIPLE PUSH,Equipo de Transporte,Carga y descarga de producto,PIEZAS
16145,NIVEL,Herramientas y Utiles,HERRAMIENTAS,PIEZAS
1077,NO BREAK,Equipo de Computo,Accesorios de cómputo,PIEZAS
11460,NO ESTACIONARSE,Equipo de Seguridad,Señalamientos,PIEZAS
2301,NOBREAK,Equipo de Computo,Equipo de cómputo,PIEZAS
21975,NOZZLE DE PORCELANA,Ferreteria,Varios,PIEZAS
3214,OFICINA MOVIL,Mobiliario y equipo,Mobiliario y equipo,UNIDADES
15889,OIL SEAL,Herramientas y Utiles,Empaques,PIEZAS
27500,OIL SEDMENT TANK,Herramientas y Utiles,Accesorios,PIEZAS
29229,OJOS MOVILES,Gastos diversos,Varios (Gastos Diversos),PIEZAS
24490,ON/OFF DE DESPLAZAMIENTO,Herramientas y Utiles,Accesorios,PIEZAS
22462,OPTIC PLUG ORANGE,Herramientas y Utiles,Accesorios,PIEZAS
26494,ORCA DE PELUCHE,Gastos diversos,Varios (Gastos Diversos),PIEZAS
15776,OREJERAS AUDITIVAS,Equipo de Seguridad,Equipo de Seguridad,PIEZAS
29040,ORGANIZADOR BAR POLIPROPILENO,Mobiliario y equipo,Mobiliario y equipo,PIEZAS
708,ORGANIZADOR HORIZONTAL,Equipo de Computo,Accesorios Comunicaciones,PIEZAS
9527,ORGANIZADOR RECTANGULAR,Papeleria y articulos de oficina,Papeleria y articulos de oficina,PIEZAS
709,ORGANIZADOR VERTICAL,Equipo de Computo,Accesorios Comunicaciones,PIEZAS
33958,OSPHO SOLUCION,Ferreteria,Ferreteria,GALONES
1083,OXICORTE,Herramientas y Utiles,Manuales,PIEZAS
21614,PABILO,Ferreteria,Varios,PIEZAS
4887,PALANCA DE DIRECCIONALES,Equipo de Transporte,sistema electrico,PIEZAS
7199,PALANCA DE MECANISMO,Gastos diversos,Varios (Gastos Diversos),PIEZAS
24494,PALITOS DE BROCHETA,Gastos diversos,Varios (Gastos Diversos),PIEZAS
17077,PALMA KERPIS,Ferreteria,Jardineria,PIEZAS
31019,PANEL DE REJILLAS,Equipo de Comunicación,Accesorios Comunicaciones,Uno
16680,PANEL LED,Material Electrico,Iluminación,PIEZAS
24496,PANEL RANURADO MONTADO,Mobiliario y equipo,Mobiliario y equipo,PIEZAS
21991,PANEL SOLAR,Herramientas y Utiles,Accesorios,PIEZAS
10605,PANTALLA DE PROYECCION,Gastos diversos,Audio,PIEZAS
3558,PANTALLA DISPENSARIO,Herramientas y Utiles,Accesorios,PIEZAS
28375,PANTALLA INTERACTIVA,Mobiliario y equipo,Mobiliario y equipo,PIEZAS
6342,PANTALLA SMART TV,Mobiliario y equipo,Mobiliario y equipo,PIEZAS
10713,PAPEL ARENADO,Ferreteria,Consumibles,METROS
10881,PAPEL FELPA,Ferreteria,Consumibles,PIEZAS
20306,PARAGUA REDPETROIL,Gastos diversos,Varios (Gastos Diversos),PIEZAS
23835,PARCHE BUPRENORFINA,Herramientas y Utiles,Accesorios,PIEZAS
3683,PARCHE TIP TOP,Equipo de Transporte,Llantas,PIEZAS
28942,PARRILLA DE CARBON,Mobiliario y equipo,Mobiliario y equipo,PIEZAS
29594,PASO INTERRUPTOR MULTIPLE,Equipo de Transporte,Sistema de Aire,PIEZAS
30732,PASTA AUTOMOTRIZ,Gastos diversos,Varios (Gastos Diversos),LITROS
12901,PASTO ARTIFICIAL M²,Gastos diversos,Varios (Gastos Diversos),METROS
17076,PASTO BERMUDA,Ferreteria,Jardineria,PIEZAS
1098,PATCH PANEL,Equipo de Computo,Accesorios Comunicaciones,PIEZAS
13604,PATIN HIDRAULICO INDUSTRIAL,Mobiliario y equipo,Mobiliario y equipo,PIEZAS
23284,PCA LOCK,Herramientas y Utiles,Accesorios,PIEZAS
31241,PCA PRETORNOS,Maquinaria y Equipo,Insumos Dispensarios,PIEZAS
6149,PEDAL ACELERADOR,Gastos diversos,Varios (Gastos Diversos),PIEZAS
11721,PEDAL DE CLUTCH,Equipo de Transporte,Sistema de Cluth,PIEZAS
18131,PEDESTAL ANTIGUO,Mobiliario y equipo,Mobiliario y equipo,PIEZAS
22051,PEDESTAL DE CEMENTADO,Herramientas y Utiles,Accesorios,PIEZAS
22721,PELADOR VERDURAS VICTORINOX,Cocina,Utensilios,PIEZAS
3685,PERCHA INTRAAX,Equipo de Transporte,Sistema chasis,PIEZAS
19326,PERCHERO DE PARED,Ferreteria,Varios,PIEZAS
26583,PERFIL NEXT-RAIL,NEGOCIOS RENOVABLES,PANALES SOLARES,PIEZAS
25687,PERIODICO,Gastos diversos,Varios (Gastos Diversos),PIEZAS
13897,PERNO DE BALANCIN,Equipo de Transporte,Sistema de Suspension,PIEZAS
28627,PERNO REY HOLLAND,Equipo de Transporte,Sistema de carroceria,PIEZAS
2411,PERNO ROSCADO,Material Electrico,Tuercas,PIEZAS
9708,PERSIANAS,Mobiliario y equipo,Mobiliario y equipo,PIEZAS
10151,PERTIGA,Herramientas y Utiles,Manuales,PIEZAS
17252,PESCADO CONGELADO,Gastos diversos,Varios (Gastos Diversos),KILOS
15794,PETATILLO,Gastos diversos,Varios (Gastos Diversos),KILOS
5079,PETROCIDA,Gastos diversos,Varios (Gastos Diversos),LITROS
33114,PH PROBE & SUPPORT,Maquinaria y Equipo,Maquinaria y Equipo,PIEZAS
21790,PIANO,Mobiliario y equipo,Mobiliario y equipo,PIEZAS
18947,PIEDRA BOLA,Ferreteria,Construccion,METROS
14163,PIEDRA DE AFILAR,Herramientas y Utiles,Accesorio,PIEZAS
16744,PIEDRA ESTANDAR,Herramientas y Utiles,Accesorios,PIEZAS
29267,PIEDRA LAJA,Ferreteria,Construccion,METROS
21602,PIEDRA POMEX,Herramientas y Utiles,Accesorios,PIEZAS
26084,PIEDRAS DE ACRILICO,Gastos diversos,Consumibles,PIEZAS
33859,PIERNA TRIFUNCIONAL,Equipo de Transporte,Sistema de Suspension,PIEZAS
20474,PIN DE CAMELLO,Gastos diversos,OCEANICA,PIEZAS
14217,PINES HEMBRA,Ferreteria,Varios,PIEZAS
11567,PINES MACHO,Gastos diversos,Varios (Gastos Diversos),PIEZAS
25897,PINZA CURVA,Herramientas y Utiles,Accesorios,PIEZAS
25934,PINZA DE ANILLOS,Herramientas y Utiles,Accesorios,PIEZAS
2073,PINZA DE PRESION,Herramientas,Manuales,PIEZAS
1139,PINZA DE PUNTA,Herramientas y Utiles,Manuales,PIEZAS
4205,PINZA ELECTRICAS,Herramientas y Utiles,Manuales,PIEZAS
21809,PINZA HERPETOLOGICA,Ferreteria,Varios,PIEZAS
1141,PINZA MECANICA,Herramientas,Manuales,PIEZAS
1142,PINZA MICROCORTE,Herramientas y Utiles,Manuales,PIEZAS
1144,PINZA PELA CABLE,Herramientas y Utiles,Manuales,PIEZAS
1145,PINZA PERRA,Herramientas y Utiles,Manuales,PIEZAS
24516,PINZA PUNTA LARGA,Herramientas y Utiles,Pinzas,PIEZAS
4822,PINZA QUITA FILTROS,Herramientas y Utiles,Manuales,PIEZAS
3077,PINZAS DE CORTE,Herramientas y Utiles,Manuales,PIEZAS
11665,PINZAS PELACABLES,Herramientas y Utiles,Manuales,PIEZAS
26225,PINZAS PONCHADORAS,Herramientas y Utiles,Pinzas,PIEZAS
10448,PIOLA NYLON TRENSADA,Ferreteria,Insumos,KILOS
1150,PIQUETA,Herramientas y Utiles,Manuales,PIEZAS
4757,PISTOLA CALAFATEADORA REFORZADA,Gastos diversos,Varios (Gastos Diversos),PIEZAS
11615,PISTOLA DE CALOR,Herramientas y Utiles,Accesorios,PIEZAS
16158,PISTOLA DE IMPACTO,Herramientas y Utiles,Pistolas,PIEZAS
17473,PISTOLA ENGRAPADORA MANUAL,Ferreteria,Varios,PIEZAS
15725,PISTOLA ENGRASADORA,Herramientas y Utiles,HERRAMIENTAS,PIEZAS
12245,PISTOLA HAMMER TAG,Herramientas y Utiles,Accesorios,PIEZAS
11301,PISTOLA LANZA SEÑALES,Herramientas y Utiles,Accesorios,PIEZAS
30056,PIVOTE,Equipo de Transporte,Llantas,PIEZAS
2198,PIZARRON / CORCHO,Mobiliario y equipo,Mobiliario y equipo,PIEZAS
21336,PIZARRON DE CORCHO,Papeleria y articulos de oficina,Papeleria y articulos de oficina,PIEZAS
1153,PIZARRON MIXTO,Papeleria y articulos de oficina,Papeleria y articulos de oficina,PIEZAS
30516,PLACA DE ACRILICO,Gastos diversos,Varios (Gastos Diversos),PIEZAS
33482,PLACA DOS SUJECIONES,Equipo de Transporte,Accesorios,PIEZAS
16185,PLACA PARA/MUESTRA PEQUEÑA,Material Electrico,Iluminación,PIEZAS
24523,PLACA PCB,Herramientas y Utiles,Accesorios,PIEZAS
24524,PLACA PERFORADA PCB,Herramientas y Utiles,Accesorios,PIEZAS
33481,PLACA TRES SUJECIONES,Equipo de Transporte,Accesorios,PIEZAS
5420,PLAFON,Equipo de Transporte,sistema electrico,PIEZAS
24525,PLANCHA,Mobiliario y equipo,Mobiliario y equipo,PIEZAS
3246,PLANTA,Gastos diversos,Plantas,PIEZAS
16132,PLATAFORMA MOVIL,Maquinaria y Equipo,Equipos varios,PIEZAS
34130,PLATO CALIENTE,Equipo de Laboratorio,Material de laboratorio,PIEZAS
31146,PLATO SINCRONIZADOR FULLER,Equipo de Transporte,Sistema Direccion,PIEZAS
31621,PLOMO RIN,Equipo de Transporte,Llantas,PIEZAS
24528,PLOTTER DE CORTE,Mobiliario y equipo,Mobiliario y equipo,PIEZAS
29234,PLUMA DE DISTRIBUIDOR,Equipo de Transporte,Sistema de Motor,PIEZAS
32836,PLUMA LIMPIAPARABRISAS INTERNATIONAL,Equipo de Transporte,Accesorios,PIEZAS
34193,PLUMA LIMPIAPARABRISAS SCANIA,Equipo de Transporte,Accesorios,PIEZAS
2594,PODADORA,Herramientas y Utiles,Electricas,PIEZAS
2403,PODIO DE CONFERENCIA,Mobiliario y equipo,Mobiliario y equipo,PIEZAS
28165,PODIUM,Mobiliario y equipo,Mobiliario y equipo,PIEZAS
9688,POLEA DE ALUMINIO,Equipo de Transporte,Sistema de Motor,PIEZAS
4041,POLEA LOCA MOTOR,Equipo de Transporte,Sistema de Motor,PIEZAS
30357,POLEA TENSORA,Equipo de Transporte,Sistema de ejes,PIEZAS
16268,POLIPASTO ELECTRICO,Herramientas y Utiles,HERRAMIENTAS,PIEZAS
15796,POLIURETANO A,Gastos diversos,Varios (Gastos Diversos),KILOS
15797,POLIURETANO B,Gastos diversos,Varios (Gastos Diversos),KILOS
2487,POLVERA,Equipo de Transporte,Sistema de carroceria,PIEZAS
31066,POLY V-BELT,Equipo de Transporte,Accesorios,PIEZAS
5899,POMADA FURACIN,Gastos diversos,Primeros Auxilios,PIEZAS
11190,POMADA LONOL,Gastos diversos,Primeros Auxilios,PIEZAS
5182,PORTA CANDADO,Herramientas y Utiles,Candados,PIEZAS
24535,PORTA CARRETES,Ferreteria,Varios,PIEZAS
31834,PORTA CEPILLOS,Equipo de Transporte,Sistema de Motor,PIEZAS
1179,PORTA ELECTRODO,Herramientas y Utiles,Accesorios,PIEZAS
24536,PORTA FILAMENTOS,Ferreteria,Varios,PIEZAS
4600,PORTA FUSIBLE AUTOMOTRIZ,Equipo de Transporte,sistema electrico,PIEZAS
25131,PORTA GAFETE VERTICAL,Papeleria y articulos de oficina,Papeleria y articulos de oficina,PIEZAS
25075,PORTA GARRAFONES,Mobiliario y equipo,Mobiliario y equipo,PIEZAS
2274,PORTA GAVILANES,Equipo de Transporte,Sistema de frenos,PIEZAS
7153,PORTA LUCES,Equipo de Transporte,Sistema de luces o iluminación,PIEZAS
30483,PORTA PRECIOS,Gastos diversos,Varios (Gastos Diversos),PIEZAS
3394,PORTA REVISTAS,Gastos diversos,Varios (Gastos Diversos),PIEZAS
1181,PORTA ROMBO,Equipo de Seguridad,Señalamientos,PIEZAS
12229,PORTA TARJETA,Gastos diversos,Varios (Gastos Diversos),PIEZAS
15844,PORTA TIZA CUADRADO,Herramientas,Manuales,PIEZAS
11702,PORTA VASOS PETROIL,Gastos diversos,Varios (Gastos Diversos),PIEZAS
24540,PORTA VINILES HACEDORES,Ferreteria,Varios,PIEZAS
16080,PORTA VOLTEADOR INDUSTRIAL,Maquinaria y Equipo,Equipos varios,PIEZAS
3346,PORTAFILTRO,Equipo de Filtración,Filtros,PIEZAS
12733,PORTAFOLLETOS DE ACRILICO,Papeleria y articulos de oficina,Papeleria y articulos de oficina,PIEZAS
16524,PORTALAMPARA DE PVC,Ferreteria,Varios,PIEZAS
34719,PORTALETRERO DE ACRILICO,Gastos diversos,Varios (Gastos Diversos),PIEZAS
19073,POST ENFRIADOR,Equipo de Transporte,Sistema de Motor,PIEZAS
11473,POSTER MULTIPROPOSITO,Gastos diversos,Varios (Gastos Diversos),PIEZAS
16130,POTENCIOMETRO,Ferreteria,Varios,PIEZAS
28055,PREPARACIÓN DE TUBERÍA,Gastos diversos,Varios (Gastos Diversos),PIEZAS
3059,PROBADOR DE ANTICONGELANTE,Maquinaria y Equipo,Equipos de Medición,PIEZAS
1184,PROBADOR DE CONTINUIDAD,Herramientas y Utiles,Electricas,PIEZAS
15086,PROPELA DE ALUMINIO,Herramientas y Utiles,Accesorios,PIEZAS
26171,PROPILENGLICOL GRADO USP,Herramientas y Utiles,HERRAMIENTAS,LITROS
10693,PROTECTOR FACIAL,Equipo de Seguridad,Equipo de Seguridad,PIEZAS
27301,PROTEIN WATER HEATER,Herramientas y Utiles,Accesorios,PIEZAS
21604,PROYECTOR,Equipo de Oficina,Equipo,PIEZAS
23679,PRUEBA FARMACOGENOMICA AFFINITY,Herramientas y Utiles,Accesorios,PIEZAS
16647,PUERTA BLINDADA,Mobiliario y equipo,Mobiliario y equipo,PIEZAS
34506,PUERTA CORREDIZA,Mobiliario y equipo,Mobiliario y equipo,PIEZAS
24840,PUERTA METALICA,Mobiliario y equipo,Mobiliario y equipo,PIEZAS
30316,PUERTA TAMBOR,Mobiliario y equipo,Mobiliario,PIEZAS
28468,PULIDORA,Herramientas y Utiles,HERRAMIENTAS,PIEZAS
23097,PULL AWAY MEPSAN,Herramientas y Utiles,Accesorios,PIEZAS
33391,PULSERA MANSION PIRATA,Gastos diversos,Varios (Gastos Diversos),PIEZAS
28052,PULSERA RFID,Equipo de Computo,Accesorios de cómputo,PIEZAS
25914,PULSIOXIMETRO,Herramientas y Utiles,Accesorios,PIEZAS
26003,PUMP MECHANICAL SEAL,Herramientas y Utiles,Accesorios,PIEZAS
11459,PUNTO DE REUNION,Equipo de Seguridad,Señalamientos,PIEZAS
6317,PURGADOR DE CHICOTE,Gastos diversos,Varios (Gastos Diversos),PIEZAS
31761,PURGADOR DE JALON,Equipo de Transporte,CONEXIONES RAPIDAS CONSIG,PIEZAS
9726,PURGADOR DE LLAVE,Equipo de Transporte,EMPAQUES TRANSPORTE,PIEZAS
30078,PUSH BUTTON ELECTRICO,Material Electrico,Material Electrico,PIEZAS
7968,QUEMADORES DE RECAMARA,Equipo de Transporte,Sistema de Calentamiento de COPE,PIEZAS
2926,QUIJADA FIJA,Herramientas y Utiles,Manuales,PIEZAS
22552,QUINTA RUEDA,Equipo de Transporte,Llantas,PIEZAS
696,QUITAGRAPA,Papeleria y articulos de oficina,Papeleria y articulos de oficina,PIEZAS
5319,RACING MOTOR,Herramientas y Utiles,Accesorios,PIEZAS
1211,RACK,Mobiliario y equipo,Mobiliario y equipo,PIEZAS
17993,RADIADOR,Equipo de Transporte,Sistema de Enfriamiento,PIEZAS
33571,RADIO AM/FM/WB/BT/USB,Equipo de Transporte,Accesorios,PIEZAS
10318,RADIO CB,Equipo de Comunicación,Equipo de Comunicación,PIEZAS
31562,RADIO DE COMUNICACION,Equipo de Comunicación,Equipo de Comunicación,PIEZAS
2299,RADIO FRECUENCIA,Equipo de Computo,Accesorios Comunicaciones,PIEZAS
14220,RADIO PANGUERO,Equipo de Comunicación,Equipo de Comunicación,PIEZAS
17410,RADIO PORTATIL,Equipo de Comunicación,Equipo de Comunicación,PIEZAS
1212,RAFIA,Ferreteria,Varios,ROLLOS
22056,RASPADORA DE LLANTAS,Herramientas y Utiles,Accesorios,PIEZAS
18166,READY MIX UNIMAX,Ferreteria,Construccion,PIEZAS
16952,READYMIX USG,Ferreteria,Varios,PIEZAS
17760,REB CART G,Maquinaria y Equipo,Refacciones,PIEZAS
10670,RECEPTACULO DEFENSA,Equipo de Transporte,Sistema chasis,PIEZAS
16123,RECEPTOR MANUAL,Gastos diversos,Varios (Gastos Diversos),PIEZAS
25883,RECETARIO,Mobiliario y equipo,Mobiliario y equipo,PIEZAS
8359,RECHAZO DE PRECONCENTRADO,Gastos diversos,Varios (Gastos Diversos),METROS
18216,RECOLECTRO DE PUNZOCORTANTES,Gastos diversos,Primeros Auxilios,PIEZAS
15021,RECONOCIMIENTO,Gastos diversos,Varios (Gastos Diversos),PIEZAS
1217,RECOPILADOR REGISTRADOR T/CARTA,Papeleria y articulos de oficina,Papeleria y articulos de oficina,PIEZAS
2459,RECTIFICADO DE TAMBOR,Equipo de Transporte,Sistema de frenos,PIEZAS
14248,RECTIFICADOR/HERRAMIENTA ROTATIVA,Herramientas y Utiles,HERRAMIENTAS,PIEZAS
11910,RECTIFICAR VALVULAS,Gastos diversos,Varios (Gastos Diversos),PIEZAS
18482,RECUPERADOR DE AIRE,Maquinaria y Equipo,Equipos de Medición,PIEZAS
16203,RED ANCHOVETERA,Gastos diversos,Varios (Gastos Diversos),PIEZAS
16092,REDUCCION BUSHING MP-FP,Conexiones Rapidas,Reduccion Rapida,PIEZAS
17593,REDUCCIONES HIDRAULICAS,Maquinaria y Equipo,Refacciones,PAQUETES
24575,REED SWITCH,Herramientas y Utiles,Accesorios,PIEZAS
17112,REFACCIONES,Gastos diversos,Varios (Gastos Diversos),PIEZAS
22750,REFLECTOR,Material Electrico,Iluminación,PIEZAS
16131,REFRACTOMETRO,Herramientas y Utiles,HERRAMIENTAS,PIEZAS
2303,REFRIGERADOR,Mobiliario y equipo,Mobiliario y equipo,PIEZAS
5464,REFUERZO PARACHOQUES,Equipo de Transporte,Sistema de carroceria,PIEZAS
33724,REGADERA,Ferreteria,Ferreteria,PIEZAS
21784,REGISTRADORA ANTIGUA,Mobiliario y equipo,Mobiliario y equipo,PIEZAS
11457,REGLAMENTO DE PLANTA,Equipo de Seguridad,Señalamientos,PIEZAS
21309,REGULADOR,Equipo de Computo,Reguladores,UNIDADES
14010,REHILETE,Herramientas y Utiles,HERRAMIENTAS,PIEZAS
34613,REJILLA DE ALUMINIO,Equipo de Transporte,Accesorios,PIEZAS
24582,RELAY SHIELD,Herramientas y Utiles,Accesorios,PIEZAS
15444,RELEVADOR DE SOBRECARGA,Ferreteria,Varios,PIEZAS
21854,RELOJ ANTIGUO,Mobiliario y equipo,Mobiliario y equipo,PIEZAS
2641,RELOJ CHECADOR,Equipo de Computo,Accesorios de cómputo,PIEZAS
3081,RELOJ DE PARED,Mobiliario y equipo,Mobiliario y equipo,PIEZAS
1441,REMACHADORA,Herramientas y Utiles,Manuales,PIEZAS
33486,REMACHE CIEGO,Equipo de Transporte,Accesorios,PIEZAS
2597,REMOLQUE,Equipo de Transporte,Utilitarios,PIEZAS
2208,REPETIDOR DE WIFI,Equipo de Comunicación,Equipo de Comunicación,PIEZAS
23672,REPOSET MÉDICO,Mobiliario y equipo,Mobiliario y equipo,PIEZAS
34442,REPUESTO DE VASOS,Equipo de Transporte,Sistema de Motor,PIEZAS
5298,REPUESTO SECADOR,Equipo de Transporte,Sistema de Suspension,PIEZAS
32243,REPUESTO VALVULAS,Equipo de Transporte,Valvulas,PIEZAS
30074,RESISTENCIAS,Material Electrico,Material Electrico,UNIDADES
4229,RESISTOL EN BARRA,Papeleria y articulos de oficina,Papeleria y articulos de oficina,PIEZAS
17592,RESORTES INOXIDABLES,Maquinaria y Equipo,Refacciones,PAQUETES
30179,RESPALDO PULIDORA,Gastos diversos,Varios (Gastos Diversos),PIEZAS
15449,RESPIRADOR ARTIFICIAL MANUAL,Gastos diversos,Primeros Auxilios,PIEZAS
22673,RETEN DELANTERO CIGÜEÑAL,Equipo de Transporte,Sistema de Motor,PIEZAS
12472,RETEN MASA,Equipo de Transporte,Sistema de Embrague,PIEZAS
2958,RIBBON YMCKO,Herramientas y Utiles,Accesorios,PIEZAS
5010,RIEL DE FIJACION,Material Electrico,Rieles,METROS
1447,RIEL DIM,Material Electrico,Rieles,METROS
34854,RIEL DIN PERFORADO,Ferreteria,Ferreteria,PIEZAS
14689,"RING GROUP, DIESEL",Gastos diversos,Varios (Gastos Diversos),PIEZAS
23772,ROCIADOR DE PISTON,Ferreteria,Varios,PIEZAS
14174,RODAMIENTO BOLA,Equipo de Transporte,Sistema de Motor,PIEZAS
4696,RODILLERA DE GOMA,Equipo de seguridad terrestre,Equipo de Proteccion Personal,PIEZAS
15325,ROLL BAR CAMIONETA,Gastos diversos,Varios (Gastos Diversos),PIEZAS
5729,ROLLO DE CONCERTINA,Gastos diversos,Varios (Gastos Diversos),PIEZAS
30826,ROLLO DE VELLUMOID,Maquinaria y Equipo,Maquinaria y Equipo,PIEZAS
13454,ROLLO DE VINIL,Gastos diversos,Pegamentos,ROLLOS
11576,ROLLO ESTAÑO,Ferreteria,Varios,ROLLOS
27625,ROMPECABEZA,Gastos diversos,Varios (Gastos Diversos),PIEZAS
30725,RONDANA DE BRONCE,Equipo de Transporte,Sistema de Conexiones Rapidas,PIEZAS
26620,ROOM PANEL YEALINK,Equipo de Computo,Accesorios de cómputo,PIEZAS
4517,ROSETA TELEFÓNICA,Equipo de Computo,Accesorios Comunicaciones,PIEZAS
13715,ROTOCHAMBER SENCILLO,Equipo de Transporte,Sistema de frenos,PIEZAS
22859,ROTOHUB,Equipo de Comunicación,Equipo de Comunicación,PIEZAS
4068,ROTOMARTILLO,Herramientas y Utiles,Manuales,PIEZAS
31165,ROTOR DE PALETAS,Equipo de Transporte,Accesorios,PIEZAS
4461,ROTULA INFERIOR,Equipo de Transporte,Sistema de Motor,PIEZAS
6580,ROTULAS DE BARRA,Gastos diversos,Varios (Gastos Diversos),PIEZAS
5733,ROTULO NUMERO ECONOMICO,Equipo de Transporte,Sistema General,PIEZAS
1458,ROTULOS DIVERSOS,Equipo de Seguridad,Señalamientos,PIEZAS
2181,ROUTEADOR,Equipo de Comunicación,Equipo de Comunicación,PIEZAS
15878,ROUTER,Equipo de Comunicación,Equipo de Comunicación,PIEZAS
11194,RUST BUSTER,Ferreteria,Consumibles,LITROS
20036,SABANA ALUMINIZADA,Gastos diversos,Primeros Auxilios,PIEZAS
27348,SABANA PLANA INDIVIDUAL,Mobiliario y equipo,Mobiliario y equipo,PIEZAS
2015,SACABUJIAS,Herramientas y Utiles,Manuales,PIEZAS
1462,SACAPUNTAS,Papeleria y articulos de oficina,Papeleria y articulos de oficina,PIEZAS
33503,SACATIERRA,Herramientas,Manuales,PIEZAS
28542,SAHUMERIO,Mobiliario y equipo,Mobiliario y equipo,PIEZAS
22608,SALA ESQUINERA,Mobiliario y equipo,Mobiliario y equipo,PIEZAS
13423,SALINOMETRO,Herramientas y Utiles,HERRAMIENTAS,PIEZAS
9698,SALPICADERA,Equipo de Transporte,Sistema de carroceria,PIEZAS
26094,SANGRE ARTIFICIAL,Gastos diversos,Consumibles,PIEZAS
22747,SANITARIO PORTATIL,Mobiliario y equipo,Mobiliario y equipo,PIEZAS
5803,SAPO DOBLE,Equipo de Transporte,Sistema de Suspension,PIEZAS
13497,SARTEN,Herramientas y Utiles,Accesorios,PIEZAS
27303,SCREW CONVEYOR,Herramientas y Utiles,Accesorios,PIEZAS
27304,SCREW PRESS,Herramientas y Utiles,Accesorios,PIEZAS
33279,SEAL RUBBER BAND,Maquinaria y Equipo,Maquinaria y Equipo,PIEZAS
12193,"SEAL, O RING.",Ferreteria,Varios,PIEZAS
9696,SECADOR AIRE,Equipo de Transporte,Sistema de Aire,PIEZAS
15998,SECADOR DE HARINA,Maquinaria y Equipo,Equipos varios,PIEZAS
6855,SECADORA,Gastos diversos,Varios (Gastos Diversos),PIEZAS
24808,SECCION DE LLANTA,Plomeria,Bandas,PIEZAS
14683,SEGURISELLOS SEPSA,Gastos diversos,Varios (Gastos Diversos),PIEZAS
8363,SELLADOR DE MOTOR,Equipo de Transporte,Sistema de Motor,PIEZAS
16366,SELLADOR DE POLIURETANO,Gastos diversos,Varios (Gastos Diversos),PIEZAS
13951,SELLADOR LIQUIDO SHELLALIQ,Herramientas y Utiles,Accesorios,PIEZAS
15544,SELLO DE CANCELACION,Papeleria y articulos de oficina,Papeleria y articulos de oficina,PIEZAS
10059,SELLO DE GOMA,Gastos diversos,Consumibles,PIEZAS
17291,SELLO DE PLOMO,Ferreteria,Candados,PIEZAS
10060,SELLO PREDETERMINADO,Gastos diversos,Consumibles,PIEZAS
1474,SELLO PRETINTADOS,Papeleria y articulos de oficina,Papeleria y articulos de oficina,PIEZAS
30815,SELLOBOMBILLA ARMARIO SUPERIOR,Equipo de Transporte,Accesorios,PIEZAS
8002,SELLOS AC,Equipo de Computo,Accesorios de cómputo,PIEZAS
16824,SELLOS METALICOS PRECAMARA,Herramientas y Utiles,Accesorios,PIEZAS
14490,SELLOS PISTON,Equipo de Transporte,Sistema de Motor,JUEGO
14463,SELLOS TAPAS M/W,Herramientas y Utiles,Empaques,PIEZAS
14466,SELLOS VALVULAS JOYSTIC,Herramientas y Utiles,Empaques,PIEZAS
22871,SEMIREMOLQUE,Equipo de Transporte,TANQUE REMOLQUE,PIEZAS
6515,SENSOR ABS,Equipo de Transporte,Sistema de frenos,PIEZAS
30312,SENSOR ADMISION,Equipo de Transporte,GPS Y SENSORES,PIEZAS
30613,SENSOR BAROMETRICO,Equipo de Transporte,GPS Y SENSORES,PIEZAS
32121,SENSOR DE INYECTORES,Equipo de Transporte,Sistema de Inyeccion,PIEZAS
3290,SENSOR DE TEMPERATURA,Herramientas y Utiles,Accesorios,PIEZAS
24602,SENSOR HALL,Herramientas y Utiles,Accesorios,PIEZAS
5825,SENSOR ICP/BCP,Equipo de Transporte,Sistema de Motor,PIEZAS
24603,SENSOR INFRAROJO HERRADURA,Herramientas y Utiles,Accesorios,PIEZAS
16065,SENSOR KAESER,Gastos diversos,Varios (Gastos Diversos),PIEZAS
28511,SENSOR NOX,Equipo de Transporte,sistema electrico,PIEZAS
24604,SENSOR PIR BREAKOUT,Herramientas y Utiles,Accesorios,PIEZAS
17805,SENSOR PRESION ESCAPE,Equipo de Transporte,Sistema de frenos,PIEZAS
16315,SENSOR TEE IN,Herramientas y Utiles,Adaptadores,PIEZAS
30827,SENSOR ULTRASONICO,Gastos diversos,Varios (Gastos Diversos),Uno
17050,SEPARADORA VIBRATORIA,Herramientas y Utiles,Accesorios,PIEZAS
27305,SEPARATOR,Herramientas y Utiles,Accesorios,PIEZAS
2018,SERVIDOR,Equipo de Computo,Equipo de cómputo,PIEZAS
32588,SERVILLETERO,Cocina,Utensilios,PIEZAS
30279,SERVO DE CLUTCH,Equipo de Transporte,Sistema de Cluth,PIEZAS
24609,SERVOMOTORES,Herramientas y Utiles,Accesorios,PIEZAS
25365,SET DE GRASERAS,Ferreteria,Varios,PIEZAS
10092,SEÑALAMIENTO ALMACEN,Equipo de Seguridad,Señalamientos,PIEZAS
14580,SEÑALAMIENTO ALTO,Equipo de Seguridad,Señalamientos,PIEZAS
32568,SEÑALAMIENTO ARCO ELECTRICO,Equipo de Seguridad,Señalamientos,PIEZAS
14586,SEÑALAMIENTO BAÑO HOMBRES,Equipo de Seguridad,Señalamientos,PIEZAS
10090,SEÑALAMIENTO BODEGA MATERIALES,Equipo de Seguridad,Señalamientos,PIEZAS
9787,SEÑALAMIENTO BOTIQUIN,Equipo de Seguridad,Señalamientos,PIEZAS
5122,SEÑALAMIENTO DE EXTINTOR,Equipo de Seguridad,Señalamientos,PIEZAS
11323,SEÑALAMIENTO DE SENTIDO,Equipo de Seguridad,Señalamientos,PIEZAS
14583,SEÑALAMIENTO GERENCIA,Equipo de Seguridad,Señalamientos,PIEZAS
10207,SEÑALAMIENTO LLANTAS,Equipo de Seguridad,Señalamientos,PIEZAS
10210,SEÑALAMIENTO MANGUERAS,Equipo de Seguridad,Señalamientos,PIEZAS
10096,SEÑALAMIENTO OFICINAS,Equipo de Seguridad,Señalamientos,PIEZAS
9492,SEÑALAMIENTO PISO MOJADO,Equipo de Seguridad,Señalamientos,PIEZAS
32569,SEÑALAMIENTO RIESGO ELECTRICO,Equipo de Seguridad,Señalamientos,PIEZAS
10091,SEÑALAMIENTO SALIDA,Equipo de Seguridad,Señalamientos,PIEZAS
14584,SEÑALAMIENTO VENTAS,Equipo de Seguridad,Señalamientos,PIEZAS
21323,SEÑALAMIENTOS VARIOS,Equipo de Seguridad,Señalamientos,UNIDADES
7464,SEÑALETICA IMAN,Papeleria y articulos de oficina,Papeleria y articulos de oficina,PIEZAS
1476,SEÑALIZACION,Equipo de Seguridad,Señalamientos,PIEZAS
34356,SHORT BLOCK,Equipo de Transporte,Sistema de Motor,PIEZAS
14578,SIERRA CALADORA,Herramientas y Utiles,HERRAMIENTAS,PIEZAS
16676,SIERRA CIRCULAR,Herramientas y Utiles,HERRAMIENTAS,PIEZAS
27306,SIEVE SCREENING,Herramientas y Utiles,Accesorios,PIEZAS
3946,SILENCIADOR DISPOSITIVO,Equipo de Transporte,Sistema de Motor,PIEZAS
18236,SILLA,Mobiliario y equipo,Mobiliario y equipo,PIEZAS
2392,SILLON,Mobiliario y equipo,Mobiliario y equipo,PIEZAS
9501,SINCHOS,Ferreteria,Ferreteria,PIEZAS
15769,SIRENA ESTROBO,Equipo de Seguridad,Equipo de Seguridad,PIEZAS
23743,SISA AUTOCONSUMO TRACTOCAMIÓN,Herramientas y Utiles,Manuales,PIEZAS
10152,SISTEMA CONTRAINCENDIO,Equipo de Seguridad,Equipo de Seguridad,PAQUETES
18183,SISTEMA DE PARARRAYO,Equipo de Computo,Accesorios Comunicaciones,PIEZAS
29358,SISTEMA SCULLY ANTIDERRAME,Equipo de Transporte,Carga y descarga de producto,PIEZAS
34688,SKYDANCER EQUIPO,Gastos diversos,GC MOTORS,PIEZAS
4589,SOCKET DE PLÁSTICO,Ferreteria,Varios,PIEZAS
15930,SOCKET LADRON CON/CADENA,Material Electrico,Diversos (Material Electrico),PIEZAS
21773,SOFA,Mobiliario y equipo,Mobiliario y equipo,PIEZAS
17929,SOLENOIDE AUXILIAR DELCO,Equipo de Transporte,sistema electrico,PIEZAS
14178,SOMBRERO,Gastos diversos,Varios (Gastos Diversos),PIEZAS
15103,SONDA RIGIDA,Maquinaria y Equipo,Insumos de Medicion,PIEZAS
11764,SONDA SENSOR TANKLINK,Maquinaria y Equipo,Insumos Medición,PIEZAS
30984,SONOMETRO,Maquinaria y Equipo,Equipos de Medición,PIEZAS
27780,SOPLADORA INALAMBRICA,Herramientas y Utiles,Manuales,PIEZAS
19677,SOPLASPIRADORA DE GASOLINA,Herramientas y Utiles,Aspiradoras,PIEZAS
4283,SOPORTE CARDAN CENTRAL,Equipo de Transporte,Sistema de Motor,PIEZAS
3800,SOPORTE DE FLECHA,Equipo de Transporte,Sistema de Suspension,PIEZAS
2188,SOPORTE DE MOTOR,Herramientas y Utiles,Accesorios,PIEZAS
5994,SOPORTE DE PANTALLA,Equipo de Computo,Accesorios de cómputo,PIEZAS
21328,SOPORTE DE TABLET,Equipo de Computo,Accesorios de cómputo,UNIDADES
16915,SOPORTE DE TRANSMISIÓN,Equipo de Transporte,Sistema de Transmision,PIEZAS
34360,SOPORTES DE SOBRECARGA,Equipo de Transporte,Sistema de Suspension,PIEZAS
10363,SOQUET DE HULE,Material Electrico,Iluminación,PIEZAS
12853,SOQUET MOGUL PORCELANIZADO,Material Electrico,Iluminación,PIEZAS
28918,SOQUETERAS CASCADIA,Equipo de Transporte,Sistema chasis,PIEZAS
17481,SPROKET ECON,Maquinaria y Equipo,Refacciones,PIEZAS
33583,STAGE BOX SONIDO,Equipo de Comunicación,Accesorios Comunicaciones,PIEZAS
19781,STAND PORTÁTIL PUBLICITARIO,Mobiliario y equipo,Mobiliario y equipo,PIEZAS
29170,SUB BRAND WALL,Gastos diversos,Varios (Gastos Diversos),PIEZAS
15787,SUBESTACION,Equipo de Seguridad,Equipo de Seguridad,PIEZAS
2983,SUJETADOR DE BALERO,Herramientas y Utiles,Manuales,PIEZAS
7143,SUMADORA ELECTRICA,Gastos diversos,Varios (Gastos Diversos),PIEZAS
18524,SUMINISTRO DE ACCESORIOS,Plomeria,Conexión rapida,PIEZAS
2270,SUNDE,Equipo de Computo,Equipo de cómputo,PIEZAS
2190,SWITCH,Equipo de Computo,Accesorios de cómputo,PIEZAS
31103,TABLA FENÓLICA,Material Electrico,Material Electrico,Uno
7644,TABLAROCA,Gastos diversos,Varios (Gastos Diversos),PIEZAS
15788,TABLERO DE MEDICION,Maquinaria y Equipo,Equipos de Medición,PIEZAS
14359,TABLERO DE VELOCIDADES,Equipo de Transporte,sistema electrico,PIEZAS
15728,TABLERO DEL REACTOR,Gastos diversos,Varios (Gastos Diversos),PIEZAS
29489,TABLERO DIDACTICO,Gastos diversos,Varios (Gastos Diversos),PIEZAS
29490,TABLERO SENSORIAL,Gastos diversos,Varios (Gastos Diversos),PIEZAS
6945,TABLET,Equipo de Computo,Equipo de cómputo,PIEZAS
18007,TABLETA GRÁFICA,Equipo de Computo,Equipo de cómputo,PIEZAS
3528,TABLETA MULTICONTACTO,Equipo de Computo,Accesorios de cómputo,PIEZAS
10705,TACHUELA,Gastos diversos,Consumibles,KILOS
16614,TACONES TRASMISION,Gastos diversos,Varios (Gastos Diversos),PIEZAS
20976,TACÓMETRO DIGITAL PORTATIL,Herramientas y Utiles,Manuales,PIEZAS
9630,TAG NFC,Equipo de Computo,Accesorios de dispensarios,PIEZAS
22457,TAGS VEHICULARE RFID,Herramientas y Utiles,Accesorios,PIEZAS
14882,TALACHO-HACHA.,Herramientas y Utiles,HERRAMIENTAS,PIEZAS
14244,TALADRO ATORNILLADOR INALAMBRICO,Herramientas y Utiles,Taladros,PIEZAS
29513,TALADRO DESTORNILLADOR,Herramientas y Utiles,HERRAMIENTAS,PIEZAS
4819,TALADRO INALAMBRICO,Herramientas,Semi-automaticas,PIEZAS
2008,TALADRO ROTOMARTILLO,Herramientas,Semi-automaticas,PIEZAS
32733,TALCO,Gastos diversos,Varios (Gastos Diversos),PIEZAS
18219,TAMBO DE ACERRÍN,Ferreteria,Consumibles,PIEZAS
16151,TAMIZ INDUSTRIAL,Herramientas y Utiles,Accesorios,PIEZAS
5041,TANQUE DE CONDENSADO,Herramientas y Utiles,Tanques,PIEZAS
2016,TANQUE DE GAS,Herramientas y Utiles,Tanques,PIEZAS
16045,TANQUE DE OXIGENO,Herramientas y Utiles,Tanques,PIEZAS
11209,TANQUE DE PRESION,Ferreteria,Varios,PIEZAS
1629,TANQUE HORIZONTAL,Herramientas y Utiles,Tanques,PIEZAS
28905,TANQUE LIQUIDO DIRECCION,Equipo de Transporte,Sistema Direccion,PIEZAS
2108,TANQUE MOVIL,Herramientas y Utiles,Tanques,PIEZAS
7234,TANQUE P/AGUA,Herramientas y Utiles,Tanques,PIEZAS
2022,TANQUE REMOLQUE,Equipo de Transporte,TANQUE REMOLQUE,UNIDADES
8339,TANQUE SUBTERRANEO,Herramientas y Utiles,Tanques,PIEZAS
1630,TANQUE VERTICAL,Maquinaria y Equipo,Tanques,PIEZAS
11996,TAPA CLEMA,Ferreteria,Varios,PIEZAS
17721,TAPA CUBRE MOTOR,Equipo de Transporte,Sistema chasis,PIEZAS
11453,TAPA DE INODORO,Ferreteria,Varios,PIEZAS
32259,TAPA DE RADIADOR,Equipo de Transporte,Sistema de Enfriamiento,PIEZAS
2422,TAPA DE RUEDA,Equipo de Transporte,Sistema de Aire,PIEZAS
3935,TAPA SWITCH INTERPERIE,Ferreteria,Varios,PIEZAS
30574,TAPA TERMOSTATO,Equipo de Transporte,Sistema de Enfriamiento,PIEZAS
26720,TAPADERA DE TRANSMISIÓN,Equipo de Transporte,Sistema de Motor,PIEZAS
11330,TAPE DENSO,Ferreteria,Varios,PIEZAS
12358,TAPETE ANTIDERRAPANTE,Equipo de Seguridad,Equipo de Seguridad,PIEZAS
15869,TAPETE DE/NEOPRENO DURO,Equipo de Seguridad,Equipo de Seguridad,PIE
18048,TAPETE DECORATIVO,Gastos diversos,Varios (Gastos Diversos),PIEZAS
15712,TAPETE SANITIZANTE,Equipo de Seguridad,Equipo de Seguridad,PIEZAS
29574,TAPETE SENSORIAL,Gastos diversos,Varios (Gastos Diversos),PIEZAS
29565,TAPON PIVOTE VALVULA,Ferreteria,Varios,PIEZAS
12529,TAPON SUPERIOR CARTER,Equipo de Transporte,Sistema de Motor,PIEZAS
29263,TAPON TANQUE LIMPIAPARABRISAS,Herramientas y Utiles,Accesorios,PIEZAS
29920,TAPÓN CLAXON FLEIGHTLINER,Equipo de Transporte,Accesorios,PIEZAS
16856,TAQUETE METÁLICO C/EXTERIOR,Ferreteria,Varios,PIEZAS
5456,TARIMA DE PLASTICO,Mobiliario y equipo,Mobiliario y equipo,PIEZAS
21346,TARIMOVIL,Herramientas,Semi-automaticas,UNIDADES
1683,TARJETA BARRIER DISPENSARIO,Herramientas y Utiles,Accesorios,PIEZAS
5346,TARJETA DE VIDEO,Equipo de Computo,Accesorios Comunicaciones,PIEZAS
1695,TARJETA DISPLAY DISPENSARIO,Herramientas y Utiles,Accesorios,PIEZAS
7679,TARJETA IAVE,Gastos diversos,Varios (Gastos Diversos),PIEZAS
25623,TARJETA INTERFASE USB-TEAM,Herramientas y Utiles,Accesorios,PIEZAS
15035,TARJETA NAVIDEÑA,Gastos diversos,Varios (Gastos Diversos),PIEZAS
14282,TARJETA NFC,Equipo de Computo,Accesorios de cómputo,PIEZAS
27409,TARJETA OMNIBRAND BENNETT,Maquinaria y Equipo,Equipos de Medición,PIEZAS
34082,TARJETA OMNIBRAND GILBARCO,Maquinaria y Equipo,Dispensarios,PIEZAS
3332,TARJETA TRINSICAS,Material Electrico,Diversos (Material Electrico),PIEZAS
1709,TARJETAS DE PRESENTACION,PAPELERIA OPERATIVA,PAPELERIA OPERATIVA,PIEZAS
11344,TARJETERO C/POSTES,Equipo de Oficina,Equipo,PIEZAS
3268,TARRAJA ELECTRICA,Herramientas y Utiles,Tarrajas,PIEZAS
33615,TARRAJA MANUAL,Herramientas,Manuales,PIEZAS
33617,TECHUMBRE,Gastos diversos,Varios (Gastos Diversos),PIEZAS
21347,TECLADO,Equipo de Computo,Accesorios de cómputo,UNIDADES
15558,TEE BRONCE ¾,Ferreteria,Varios,PIEZAS
21851,TELEFONO ANTIGUO,Mobiliario y equipo,Mobiliario y equipo,PIEZAS
2156,TELEFONO CELULAR,Equipo de Comunicación,CELULARES,PIEZAS
12206,TELEFONO INALAMBRICO MOTOROLA,Equipo de Oficina,Equipo de telefono,PIEZAS
1754,TELEFONO IP,Equipo de Computo,Accesorios Comunicaciones,PIEZAS
21782,TELESCOPIO,Mobiliario y equipo,Mobiliario y equipo,PIEZAS
2397,TELEVISION,Mobiliario y equipo,Mobiliario y equipo,PIEZAS
27239,TENAZA SACA CLAVOS,Herramientas y Utiles,Manuales,PIEZAS
20247,TENEDOR DE PLASTICO,Cocina,Utensilios,PIEZAS
30553,TENSOR DE ACCESORIO,Equipo de Transporte,Accesorios,PIEZAS
19617,TENSOR PAR EJE,Equipo de Transporte,Sistema de Muelles,PIEZAS
4984,TENSOR POLEA,Equipo de Transporte,Sistema de Aire,PIEZAS
4599,TERMINAL AUTOMOTRIZ,Equipo de Transporte,sistema electrico,PIEZAS
13436,TERMINAL BANCARIA ALAMBRICA,Equipo de Oficina,Equipo,PIEZAS
2196,TERMINAL BANCARIA INALAMBRICA,Equipo de Oficina,Equipo,PIEZAS
2988,TERMINAL DE OJILLO,Ferreteria,Varios,PIEZAS
31044,TERMINAL ELÉCTRICA ZMCE,Material Electrico,Material Electrico,PIEZAS
32130,TERMINAL MOVIL PEGASUS,Gastos diversos,Varios (Gastos Diversos),PIEZAS
22358,TERMINAL POS ANDROID,Equipo de Computo,Accesorios de cómputo,PIEZAS
7011,TERMINALES DE DIRECCION,Gastos diversos,Varios (Gastos Diversos),PIEZAS
14263,TERMO DESPACHADOR,Gastos diversos,Varios (Gastos Diversos),PIEZAS
33128,TERMOBAÑO,Maquinaria y Equipo,Maquinaria y Equipo,PIEZAS
1757,TERMOFIL THERMORETRACTIL,Equipo de Computo,Consumibles,METROS
23292,TERMOMETRO,Equipo de Laboratorio,Material de laboratorio,PIEZAS
15876,TERMONEBULIZADOR,Equipo de Seguridad,Equipo de Seguridad,PIEZAS
3064,TERMOSTATO,Equipo de Laboratorio,Material de laboratorio,PIEZAS
23291,TEROMOMETRO,Equipo de Laboratorio,Material de laboratorio,PIEZAS
31904,THERMAL PAD,Equipo de Computo,Accesorios de cómputo,PIEZAS
18526,THERMOSTATO STD,Equipo de Transporte,Sistema de Aire,PIEZAS
14688,THRUST PLATE,Gastos diversos,Varios (Gastos Diversos),PIEZAS
18561,TIERRA FERTILIZADA,Plomeria,Plomeria,PIEZAS
10001,TIERRA LAMA,Ferreteria,Varios,METROS
18688,TIERRA TUCURUGUAY,Ferreteria,Construccion,METROS
1768,TIJERAS,Papeleria y articulos de oficina,Papeleria y articulos de oficina,PIEZAS
19726,TIMBRE INALAMBRICO,Ferreteria,Varios,PIEZAS
1770,TIMBRE MECANICO,Herramientas y Utiles,Accesorios,PIEZAS
21779,TIMON,Mobiliario y equipo,Mobiliario y equipo,PIEZAS
21789,TINA DE MADERA,Mobiliario y equipo,Mobiliario y equipo,PIEZAS
28306,TINA DE PLASTICO,Ferreteria,Varios,PIEZAS
16129,TINA GALVANIZADA,Gastos diversos,Varios (Gastos Diversos),PIEZAS
28109,TINA UTILITARIA,Mobiliario y equipo,Mobiliario y equipo,PIEZAS
2571,TINACO,Plomeria,Plomeria,PIEZAS
22527,TIRANTE DE COFRE,Equipo de Transporte,Sistema de carroceria,PIEZAS
15188,TITULADOR,Equipo de Laboratorio,Material de laboratorio,PIEZAS
25532,TOALLITAS HÚMEDAS DESMAQUILLANTES,Herramientas y Utiles,Accesorios,PIEZAS
8162,TOLDO,Gastos diversos,Varios (Gastos Diversos),PIEZAS
16014,TOLVA,Maquinaria y Equipo,Maquinaria y Equipo,PIEZAS
3096,TOMA DE FUERZA,Equipo de Transporte,Sistema de toma fuerza,PIEZAS
14722,TOMACORRIENTE SENCILLO ROLLER,Ferreteria,Varios,PIEZAS
33262,TOPE BOYA METÁLICA,Equipo de Seguridad,Equipo de Seguridad,PIEZAS
11997,TOPE CLEMA,Ferreteria,Varios,PIEZAS
33614,TORNILLO DE BANCO,Herramientas y Utiles,HERRAMIENTAS,PIEZAS
5265,TORNILLO ESTABILIZADOR,Ferreteria,Tornillos/Tuercas,PIEZAS
28336,TORNILLO PIN,Material Electrico,Tuercas,PIEZAS
3687,TORNILLO QUICK ALINE,Equipo de Transporte,Sistema chasis,PIEZAS
32593,TORNILLOS MAZA ENGRANE,Equipo de Transporte,Sistema de ejes,PIEZAS
20034,TORNIQUETE ADULTO,Gastos diversos,Primeros Auxilios,PIEZAS
25562,TORNIQUETE ELASTICO,Herramientas y Utiles,Accesorios,PIEZAS
16085,TORRE BAROMETRICA,Maquinaria y Equipo,Equipos de Medición,PIEZAS
18177,TORRE DE TELECOMUNICACIÓN,Equipo de Computo,Accesorios Comunicaciones,PIEZAS
30982,TORRE DE TRANSMISION,Equipo de Transporte,sistema electrico,PIEZAS
34081,TORRE QUINTA RUEDA,Equipo de Transporte,Accesorios,PIEZAS
1796,TORRETA LED,Equipo de Seguridad,Equipo de Seguridad,PIEZAS
22724,TORTILLERO ALUMINIO,Herramientas y Utiles,Accesorios,PIEZAS
18206,TORUNDAS,Gastos diversos,Primeros Auxilios,PIEZAS
14335,TOTEM PLASTICO,Gastos diversos,Varios (Gastos Diversos),PIEZAS
25114,TOTEM PUBLICITARIO,Gastos diversos,Varios (Gastos Diversos),PIEZAS
2019,TRACTOCAMION,Equipo de Transporte,TRACTOCAMION,UNIDADES
33869,TRACTOR,Equipo de Transporte,Utilitarios,UNIDADES
33334,TRAJE CONTRA ABEJAS,Equipo de Seguridad,Equipo de Seguridad,PIEZAS
16007,TRAMPA DE VAPOR,Equipo de Transporte,Valvulas,PIEZAS
18391,TRANSCEPTOR MINI-GBIC SFP,Equipo de Computo,Accesorios Redes,PIEZAS
15730,TRANSFORMADOR,Maquinaria y Equipo,Equipos Varios (Maquinaria y Equipo),PIEZAS
15121,TRANSISTOR,Material Electrico,Diversos (Material Electrico),PIEZAS
15195,TRANSMISION USO MARINO,Herramientas y Utiles,Hidraulico,PIEZAS
10659,TRANSMISSION HDMI INALÁMBRICO,Equipo de Computo,Accesorios de cómputo,PIEZAS
26242,TRIANGULO MUSICAL,Gastos diversos,Consumibles,PIEZAS
15976,TRICANTE,Herramientas y Utiles,Accesorios,PIEZAS
4995,TRICICLO,Gastos diversos,Varios (Gastos Diversos),PIEZAS
10685,TRIPIE DE CADENA,Gastos diversos,Varios (Gastos Diversos),PIEZAS
25602,TRIPODE FOTOGRAFICO,Equipo de Computo,Accesorios de cómputo,PIEZAS
29587,TRIPTICOS CESBIEM,Gastos diversos,Varios (Gastos Diversos),PIEZAS
29586,TRIPTICOS PELLET,Gastos diversos,Varios (Gastos Diversos),PIEZAS
21395,TRITURADORA,Mobiliario y equipo,Mobiliario y equipo,UNIDADES
15387,TROMPETA,Equipo de Computo,Accesorios Comunicaciones,PIEZAS
25584,TROMPO DE MADERA,Gastos diversos,Varios (Gastos Diversos),PIEZAS
30274,TUBERIA ALTA PRESION,Equipo de Transporte,Sistema de Motor,PIEZAS
31133,TUBERIA SILENCIADOR,Equipo de Transporte,Sistema de Motor,PIEZAS
17841,TUBERIA Y ACCESORIOS,Gastos diversos,Varios (Gastos Diversos),PIEZAS
30453,TUBO BANJO,Plomeria,Tubos de acero,METROS
23286,TUBO CENTRIFUGO,Herramientas y Utiles,HERRAMIENTAS,PIEZAS
31132,TUBO DE ESCAPE,Equipo de Transporte,Sistema General,PIEZAS
13217,TUBO DE ESNORQUEL/SNORKEL,Equipo de Seguridad,Equipo de Seguridad,PIEZAS
32256,TUBO DE SIKAFLEX,Ferreteria,Ferreteria,PIEZAS
34063,TUBO LIMPIADOR EGR,Equipo de Transporte,Sistema de Motor,PIEZAS
34310,TUBO PORTAMANGUERAS,Equipo de Transporte,Accesorios,PIEZAS
23287,TUBO REFRIGERANTE,Herramientas y Utiles,Accesorios,PIEZAS
27310,TUBULAR CONDENSER,Herramientas y Utiles,Accesorios,PIEZAS
26491,TUCAN DE PELUCHE,Gastos diversos,Varios (Gastos Diversos),PIEZAS
14088,TUERCA CPI DE ¼”,Ferreteria,Varios,PIEZAS
6890,TUERCA DE MANDO,Material Electrico,Tuercas,PIEZAS
5505,TUERCA FLECHA PRINCIPAL,Material Electrico,Tuercas,PIEZAS
5599,TUERCA GRIPCO,Material Electrico,Tuercas,PIEZAS
6670,TUERCA HOUSING,Ferreteria,Tornillos/Tuercas,PIEZAS
33483,TUERCA MUELLE METRICO,Equipo de Transporte,Accesorios,PIEZAS
5067,TUERCA NYLON,Material Electrico,Tuercas,PIEZAS
5503,TUERCA PIÑON,Material Electrico,Tuercas,PIEZAS
34300,TUERCA PROTOQ DELANTERA,Equipo de Transporte,Sistema de frenos,PIEZAS
6131,TUERCA PROTOR,Material Electrico,Tuercas,PIEZAS
34301,TUERCA PROTORQ TRASERA,Equipo de Transporte,Sistema de frenos,PIEZAS
14094,TUERCA TURBOCARGADOR,Material Electrico,Tuercas,PIEZAS
5498,TUERCA Y HUASA,Ferreteria,Tornillos/Tuercas,PIEZAS
5500,TUERCA YUGO,Material Electrico,Tuercas,PIEZAS
6532,TURBO COMPRESOR,Equipo de Transporte,Abrazaderas,PIEZAS
29093,UNIDAD HIDRAULICA COMPLETA,Herramientas y Utiles,Accesorios,PIEZAS
16709,UREA,Equipo de Transporte,Combustible de Gasolina o Diesel,LITROS
12159,VALES ELECTRONICOS,Gastos diversos,Varios (Gastos Diversos),PIEZAS
29340,VALLA DE VELOCIDAD,Gastos diversos,Varios (Gastos Diversos),PIEZAS
10797,VALVE GUIDE EXHAUST,Ferreteria,Varios,PIEZAS
10798,VALVE GUIDE INTAKE,Ferreteria,Varios,PIEZAS
16000,VALVULA,Equipo de Transporte,Valvulas,PIEZAS
13499,VAPORERA,Herramientas y Utiles,Accesorios,PIEZAS
1971,VASELINA,Gastos diversos,Consumibles,PIEZAS
32078,VASO DE COMBUSTIBLE,Equipo de Transporte,Sistema de Filtros,PIEZAS
11298,VASO DE CRISTAL,Gastos diversos,Varios (Gastos Diversos),PIEZAS
25686,VASOS DE GELATINA,Gastos diversos,Varios (Gastos Diversos),PAQUETES
4187,VASOS TERMICOS PETROIL,Gastos diversos,Varios (Gastos Diversos),PIEZAS
33062,VASTAGO DE CIERRE,Equipo de Transporte,Sistema de Suspension,PIEZAS
22698,VEHICULO GOLF ELECTRICO,Equipo de Transporte,Utilitarios,PIEZAS
11233,VELERO PUBLICITARIO,Gastos diversos,Varios (Gastos Diversos),PIEZAS
5893,VENDA ELASTICA,Herramientas y Utiles,Accesorios,PIEZAS
20029,VENDA TRIANGULAR,Gastos diversos,Primeros Auxilios,PIEZAS
30317,VENTANA,Mobiliario y equipo,Mobiliario,PIEZAS
29334,VENTILADOR,Mobiliario y equipo,Mobiliario y equipo,PIEZAS
24661,VERNIER DIGITAL,Herramientas y Utiles,Accesorios,PIEZAS
14015,VERNIER/CALIPER DIGITAL,Equipo de Laboratorio,Material de laboratorio,PIEZAS
15632,VIALETA VIAL,Equipo de Seguridad,Señalamientos,PIEZAS
23685,VIDEO BALUM,Herramientas y Utiles,Accesorios,PIEZAS
21371,VIDEO CAMARA,Equipo de Computo,Accesorios Comunicaciones,UNIDADES
25222,VIDEO PROYECTOR,Equipo de Computo,Accesorios de cómputo,PIEZAS
14856,VIDEOCAMARA DE SEGURIDAD,Equipo de Computo,Camaras,PIEZAS
2182,VIDEOGRABADORA,Equipo de Computo,Camaras,PIEZAS
33785,VIELETA DE DIRECCION,Equipo de Transporte,Sistema Direccion,PIEZAS
25272,VIGA EQUILIBRIO ESTIMULACIÓN,Mobiliario y equipo,Mobiliario y equipo,PIEZAS
10408,VIGIA COMPLETO,Equipo de Transporte,Sistema de Suspension,PIEZAS
27179,VINIL EN CORTE,Gastos diversos,Consumibles,PIEZAS
3344,VISAGRAS,Ferreteria,Varios,PIEZAS
18160,VISTAS DE MADERA,Mobiliario y equipo,Mobiliario y equipo,PIEZAS
25560,VITRINA DE ALMACENAMIENTO,Mobiliario y equipo,Mobiliario y equipo,PIEZAS
25141,VITRINA REFRIGERENTE,Mobiliario y equipo,Mobiliario y equipo,PIEZAS
25494,VOLANTE MOTRIZ P/CASCADIA,Equipo de Transporte,Sistema de Suspension,PIEZAS
15965,VOLTEADOR,Maquinaria y Equipo,Maquinaria y Equipo,PIEZAS
27313,WEARING PARTS SPARES,Herramientas y Utiles,Accesorios,PIEZAS
3069,WINGO,Herramientas y Utiles,Manuales,PIEZAS
27314,WIRES & CABLES SET,Herramientas y Utiles,Accesorios,PIEZAS
13498,WOK,Herramientas y Utiles,Accesorios,PIEZAS
24663,WORK STATION DREMEL,Herramientas y Utiles,Accesorios,PIEZAS
5383,YATE,Gastos diversos,Varios (Gastos Diversos),PIEZAS
11312,YESO,Gastos diversos,Varios (Gastos Diversos),KILOS
28208,YETI-CLAMP EVEREST,NEGOCIOS RENOVABLES,PANALES SOLARES,PIEZAS
5506,YUGO COLUMPIO,Herramientas y Utiles,Yugos,PIEZAS
5880,YUGO MACHO,Herramientas y Utiles,Yugos,PIEZAS
5504,YUGO PIÑON,Herramientas y Utiles,Yugos,PIEZAS
11030,ZAPAPICO,Herramientas y Utiles,Barras,PIEZAS
21402,ZOCLO PISO,Ferreteria,Construccion,METROS
